repeat,fold,threshold,test_case_count,test_leakage_group_count,test_pass,test_fail,test_tp,test_fp,test_tn,test_fn,test_far,test_precision,test_recall,test_f1,test_specificity,test_balanced_accuracy,test_g_mean,test_coverage,test_accepted_high_risk_proxy_failures,test_rejected_technical_pass_cases
1,1,0.78,1,1,1,0,1.0,0.0,0.0,0.0,0.0,1.0,1.0,1.0,0.0,0.5,0.0,1.0,0,0
1,1,0.7888,1,1,1,0,1.0,0.0,0.0,0.0,0.0,1.0,1.0,1.0,0.0,0.5,0.0,1.0,0,0
1,2,0.78,19,10,14,5,14.0,0.0,5.0,0.0,0.0,1.0,1.0,1.0,1.0,1.0,1.0,0.7368421052631579,0,0
1,2,0.7888,19,10,14,5,14.0,0.0,5.0,0.0,0.0,1.0,1.0,1.0,1.0,1.0,1.0,0.7368421052631579,0,0
1,3,0.78,20,12,17,3,15.0,0.0,3.0,2.0,0.0,1.0,0.8823529411764706,0.9375,1.0,0.9411764705882353,0.9393364366277243,0.75,0,2
1,3,0.7888,20,12,17,3,15.0,0.0,3.0,2.0,0.0,1.0,0.8823529411764706,0.9375,1.0,0.9411764705882353,0.9393364366277243,0.75,0,2
1,4,0.78,14,12,12,2,11.0,0.0,2.0,1.0,0.0,1.0,0.9166666666666666,0.9565217391304348,1.0,0.9583333333333333,0.9574271077563381,0.7857142857142857,0,1
1,4,0.7888,14,12,12,2,11.0,0.0,2.0,1.0,0.0,1.0,0.9166666666666666,0.9565217391304348,1.0,0.9583333333333333,0.9574271077563381,0.7857142857142857,0,1
1,5,0.78,183,11,74,109,62.0,0.0,109.0,12.0,0.0,1.0,0.8378378378378378,0.911764705882353,1.0,0.9189189189189189,0.9153348228041135,0.33879781420765026,0,12
1,5,0.7888,183,11,74,109,62.0,0.0,109.0,12.0,0.0,1.0,0.8378378378378378,0.911764705882353,1.0,0.9189189189189189,0.9153348228041135,0.33879781420765026,0,12
2,1,0.78,1,1,1,0,1.0,0.0,0.0,0.0,0.0,1.0,1.0,1.0,0.0,0.5,0.0,1.0,0,0
2,1,0.7888,1,1,1,0,1.0,0.0,0.0,0.0,0.0,1.0,1.0,1.0,0.0,0.5,0.0,1.0,0,0
2,2,0.78,13,12,12,1,12.0,0.0,1.0,0.0,0.0,1.0,1.0,1.0,1.0,1.0,1.0,0.9230769230769231,0,0
2,2,0.7888,13,12,12,1,12.0,0.0,1.0,0.0,0.0,1.0,1.0,1.0,1.0,1.0,1.0,0.9230769230769231,0,0
2,3,0.78,27,11,21,6,18.0,0.0,6.0,3.0,0.0,1.0,0.8571428571428571,0.923076923076923,1.0,0.9285714285714286,0.9258200997725514,0.6666666666666666,0,3
2,3,0.7888,27,11,21,6,18.0,0.0,6.0,3.0,0.0,1.0,0.8571428571428571,0.923076923076923,1.0,0.9285714285714286,0.9258200997725514,0.6666666666666666,0,3
2,4,0.78,40,12,25,15,21.0,0.0,15.0,4.0,0.0,1.0,0.84,0.9130434782608696,1.0,0.9199999999999999,0.916515138991168,0.525,0,4
2,4,0.7888,40,12,25,15,21.0,0.0,15.0,4.0,0.0,1.0,0.84,0.9130434782608696,1.0,0.9199999999999999,0.916515138991168,0.525,0,4
2,5,0.78,156,10,59,97,51.0,0.0,97.0,8.0,0.0,1.0,0.864406779661017,0.9272727272727274,1.0,0.9322033898305084,0.92973478995949,0.3269230769230769,0,8
2,5,0.7888,156,10,59,97,51.0,0.0,97.0,8.0,0.0,1.0,0.864406779661017,0.9272727272727274,1.0,0.9322033898305084,0.92973478995949,0.3269230769230769,0,8
3,1,0.78,1,1,1,0,1.0,0.0,0.0,0.0,0.0,1.0,1.0,1.0,0.0,0.5,0.0,1.0,0,0
3,1,0.7888,1,1,1,0,1.0,0.0,0.0,0.0,0.0,1.0,1.0,1.0,0.0,0.5,0.0,1.0,0,0
3,2,0.78,19,12,17,2,15.0,0.0,2.0,2.0,0.0,1.0,0.8823529411764706,0.9375,1.0,0.9411764705882353,0.9393364366277243,0.7894736842105263,0,2
3,2,0.7888,19,12,17,2,15.0,0.0,2.0,2.0,0.0,1.0,0.8823529411764706,0.9375,1.0,0.9411764705882353,0.9393364366277243,0.7894736842105263,0,2
3,3,0.78,31,11,20,11,19.0,0.0,11.0,1.0,0.0,1.0,0.95,0.9743589743589743,1.0,0.975,0.9746794344808963,0.6129032258064516,0,1
3,3,0.7888,31,11,20,11,19.0,0.0,11.0,1.0,0.0,1.0,0.95,0.9743589743589743,1.0,0.975,0.9746794344808963,0.6129032258064516,0,1
3,4,0.78,29,10,19,10,15.0,0.0,10.0,4.0,0.0,1.0,0.7894736842105263,0.8823529411764706,1.0,0.8947368421052632,0.8885233166386386,0.5172413793103449,0,4
3,4,0.7888,29,10,19,10,15.0,0.0,10.0,4.0,0.0,1.0,0.7894736842105263,0.8823529411764706,1.0,0.8947368421052632,0.8885233166386386,0.5172413793103449,0,4
3,5,0.78,157,12,61,96,53.0,0.0,96.0,8.0,0.0,1.0,0.8688524590163934,0.9298245614035088,1.0,0.9344262295081966,0.9321225557920984,0.3375796178343949,0,8
3,5,0.7888,157,12,61,96,53.0,0.0,96.0,8.0,0.0,1.0,0.8688524590163934,0.9298245614035088,1.0,0.9344262295081966,0.9321225557920984,0.3375796178343949,0,8
4,1,0.78,1,1,1,0,1.0,0.0,0.0,0.0,0.0,1.0,1.0,1.0,0.0,0.5,0.0,1.0,0,0
4,1,0.7888,1,1,1,0,1.0,0.0,0.0,0.0,0.0,1.0,1.0,1.0,0.0,0.5,0.0,1.0,0,0
4,2,0.78,22,12,16,6,16.0,0.0,6.0,0.0,0.0,1.0,1.0,1.0,1.0,1.0,1.0,0.7272727272727273,0,0
4,2,0.7888,22,12,16,6,16.0,0.0,6.0,0.0,0.0,1.0,1.0,1.0,1.0,1.0,1.0,0.7272727272727273,0,0
4,3,0.78,21,12,16,5,14.0,0.0,5.0,2.0,0.0,1.0,0.875,0.9333333333333333,1.0,0.9375,0.9354143466934853,0.6666666666666666,0,2
4,3,0.7888,21,12,16,5,14.0,0.0,5.0,2.0,0.0,1.0,0.875,0.9333333333333333,1.0,0.9375,0.9354143466934853,0.6666666666666666,0,2
4,4,0.78,20,12,17,3,15.0,0.0,3.0,2.0,0.0,1.0,0.8823529411764706,0.9375,1.0,0.9411764705882353,0.9393364366277243,0.75,0,2
4,4,0.7888,20,12,17,3,15.0,0.0,3.0,2.0,0.0,1.0,0.8823529411764706,0.9375,1.0,0.9411764705882353,0.9393364366277243,0.75,0,2
4,5,0.78,173,9,68,105,57.0,0.0,105.0,11.0,0.0,1.0,0.8382352941176471,0.9119999999999999,1.0,0.9191176470588236,0.9155519068396106,0.32947976878612717,0,11
4,5,0.7888,173,9,68,105,57.0,0.0,105.0,11.0,0.0,1.0,0.8382352941176471,0.9119999999999999,1.0,0.9191176470588236,0.9155519068396106,0.32947976878612717,0,11
5,1,0.78,1,1,1,0,1.0,0.0,0.0,0.0,0.0,1.0,1.0,1.0,0.0,0.5,0.0,1.0,0,0
5,1,0.7888,1,1,1,0,1.0,0.0,0.0,0.0,0.0,1.0,1.0,1.0,0.0,0.5,0.0,1.0,0,0
5,2,0.78,29,13,22,7,20.0,0.0,7.0,2.0,0.0,1.0,0.9090909090909091,0.9523809523809523,1.0,0.9545454545454546,0.9534625892455924,0.6896551724137931,0,2
5,2,0.7888,29,13,22,7,20.0,0.0,7.0,2.0,0.0,1.0,0.9090909090909091,0.9523809523809523,1.0,0.9545454545454546,0.9534625892455924,0.6896551724137931,0,2
5,3,0.78,15,6,10,5,8.0,0.0,5.0,2.0,0.0,1.0,0.8,0.888888888888889,1.0,0.9,0.8944271909999159,0.5333333333333333,0,2
5,3,0.7888,15,6,10,5,8.0,0.0,5.0,2.0,0.0,1.0,0.8,0.888888888888889,1.0,0.9,0.8944271909999159,0.5333333333333333,0,2
5,4,0.78,24,13,18,6,17.0,0.0,6.0,1.0,0.0,1.0,0.9444444444444444,0.9714285714285714,1.0,0.9722222222222222,0.97182531580755,0.7083333333333334,0,1
5,4,0.7888,24,13,18,6,17.0,0.0,6.0,1.0,0.0,1.0,0.9444444444444444,0.9714285714285714,1.0,0.9722222222222222,0.97182531580755,0.7083333333333334,0,1
5,5,0.78,168,13,67,101,57.0,0.0,101.0,10.0,0.0,1.0,0.8507462686567164,0.9193548387096774,1.0,0.9253731343283582,0.922359077939127,0.3392857142857143,0,10
5,5,0.7888,168,13,67,101,57.0,0.0,101.0,10.0,0.0,1.0,0.8507462686567164,0.9193548387096774,1.0,0.9253731343283582,0.922359077939127,0.3392857142857143,0,10
6,1,0.78,1,1,1,0,1.0,0.0,0.0,0.0,0.0,1.0,1.0,1.0,0.0,0.5,0.0,1.0,0,0
6,1,0.7888,1,1,1,0,1.0,0.0,0.0,0.0,0.0,1.0,1.0,1.0,0.0,0.5,0.0,1.0,0,0
6,2,0.78,45,11,30,15,25.0,0.0,15.0,5.0,0.0,1.0,0.8333333333333334,0.9090909090909091,1.0,0.9166666666666667,0.9128709291752769,0.5555555555555556,0,5
6,2,0.7888,45,11,30,15,25.0,0.0,15.0,5.0,0.0,1.0,0.8333333333333334,0.9090909090909091,1.0,0.9166666666666667,0.9128709291752769,0.5555555555555556,0,5
6,3,0.78,8,8,8,0,7.0,0.0,0.0,1.0,0.0,1.0,0.875,0.9333333333333333,0.0,0.4375,0.0,0.875,0,1
6,3,0.7888,8,8,8,0,7.0,0.0,0.0,1.0,0.0,1.0,0.875,0.9333333333333333,0.0,0.4375,0.0,0.875,0,1
6,4,0.78,13,12,12,1,12.0,0.0,1.0,0.0,0.0,1.0,1.0,1.0,1.0,1.0,1.0,0.9230769230769231,0,0
6,4,0.7888,13,12,12,1,12.0,0.0,1.0,0.0,0.0,1.0,1.0,1.0,1.0,1.0,1.0,0.9230769230769231,0,0
6,5,0.78,170,14,67,103,58.0,0.0,103.0,9.0,0.0,1.0,0.8656716417910447,0.928,1.0,0.9328358208955223,0.9304147686870865,0.3411764705882353,0,9
6,5,0.7888,170,14,67,103,58.0,0.0,103.0,9.0,0.0,1.0,0.8656716417910447,0.928,1.0,0.9328358208955223,0.9304147686870865,0.3411764705882353,0,9
7,1,0.78,2,1,1,1,1.0,0.0,1.0,0.0,0.0,1.0,1.0,1.0,1.0,1.0,1.0,0.5,0,0
7,1,0.7888,2,1,1,1,1.0,0.0,1.0,0.0,0.0,1.0,1.0,1.0,1.0,1.0,1.0,0.5,0,0
7,2,0.78,20,13,18,2,16.0,0.0,2.0,2.0,0.0,1.0,0.8888888888888888,0.9411764705882353,1.0,0.9444444444444444,0.9428090415820634,0.8,0,2
7,2,0.7888,20,13,18,2,16.0,0.0,2.0,2.0,0.0,1.0,0.8888888888888888,0.9411764705882353,1.0,0.9444444444444444,0.9428090415820634,0.8,0,2
7,3,0.78,8,7,7,1,7.0,0.0,1.0,0.0,0.0,1.0,1.0,1.0,1.0,1.0,1.0,0.875,0,0
7,3,0.7888,8,7,7,1,7.0,0.0,1.0,0.0,0.0,1.0,1.0,1.0,1.0,1.0,1.0,0.875,0,0
7,4,0.78,14,12,12,2,11.0,0.0,2.0,1.0,0.0,1.0,0.9166666666666666,0.9565217391304348,1.0,0.9583333333333333,0.9574271077563381,0.7857142857142857,0,1
7,4,0.7888,14,12,12,2,11.0,0.0,2.0,1.0,0.0,1.0,0.9166666666666666,0.9565217391304348,1.0,0.9583333333333333,0.9574271077563381,0.7857142857142857,0,1
7,5,0.78,193,13,80,113,68.0,0.0,113.0,12.0,0.0,1.0,0.85,0.9189189189189189,1.0,0.925,0.9219544457292888,0.35233160621761656,0,12
7,5,0.7888,193,13,80,113,68.0,0.0,113.0,12.0,0.0,1.0,0.85,0.9189189189189189,1.0,0.925,0.9219544457292888,0.35233160621761656,0,12
8,1,0.78,1,1,1,0,1.0,0.0,0.0,0.0,0.0,1.0,1.0,1.0,0.0,0.5,0.0,1.0,0,0
8,1,0.7888,1,1,1,0,1.0,0.0,0.0,0.0,0.0,1.0,1.0,1.0,0.0,0.5,0.0,1.0,0,0
8,2,0.78,16,7,11,5,11.0,0.0,5.0,0.0,0.0,1.0,1.0,1.0,1.0,1.0,1.0,0.6875,0,0
8,2,0.7888,16,7,11,5,11.0,0.0,5.0,0.0,0.0,1.0,1.0,1.0,1.0,1.0,1.0,0.6875,0,0
8,3,0.78,30,12,21,9,18.0,0.0,9.0,3.0,0.0,1.0,0.8571428571428571,0.923076923076923,1.0,0.9285714285714286,0.9258200997725514,0.6,0,3
8,3,0.7888,30,12,21,9,18.0,0.0,9.0,3.0,0.0,1.0,0.8571428571428571,0.923076923076923,1.0,0.9285714285714286,0.9258200997725514,0.6,0,3
8,4,0.78,20,12,17,3,15.0,0.0,3.0,2.0,0.0,1.0,0.8823529411764706,0.9375,1.0,0.9411764705882353,0.9393364366277243,0.75,0,2
8,4,0.7888,20,12,17,3,15.0,0.0,3.0,2.0,0.0,1.0,0.8823529411764706,0.9375,1.0,0.9411764705882353,0.9393364366277243,0.75,0,2
8,5,0.78,170,14,68,102,58.0,0.0,102.0,10.0,0.0,1.0,0.8529411764705882,0.9206349206349206,1.0,0.9264705882352942,0.9235481451827989,0.3411764705882353,0,10
8,5,0.7888,170,14,68,102,58.0,0.0,102.0,10.0,0.0,1.0,0.8529411764705882,0.9206349206349206,1.0,0.9264705882352942,0.9235481451827989,0.3411764705882353,0,10
9,1,0.78,1,1,1,0,1.0,0.0,0.0,0.0,0.0,1.0,1.0,1.0,0.0,0.5,0.0,1.0,0,0
9,1,0.7888,1,1,1,0,1.0,0.0,0.0,0.0,0.0,1.0,1.0,1.0,0.0,0.5,0.0,1.0,0,0
9,2,0.78,7,7,7,0,6.0,0.0,0.0,1.0,0.0,1.0,0.8571428571428571,0.923076923076923,0.0,0.42857142857142855,0.0,0.8571428571428571,0,1
9,2,0.7888,7,7,7,0,6.0,0.0,0.0,1.0,0.0,1.0,0.8571428571428571,0.923076923076923,0.0,0.42857142857142855,0.0,0.8571428571428571,0,1
9,3,0.78,29,12,21,8,20.0,0.0,8.0,1.0,0.0,1.0,0.9523809523809523,0.975609756097561,1.0,0.9761904761904762,0.9759000729485332,0.6896551724137931,0,1
9,3,0.7888,29,12,21,8,20.0,0.0,8.0,1.0,0.0,1.0,0.9523809523809523,0.975609756097561,1.0,0.9761904761904762,0.9759000729485332,0.6896551724137931,0,1
9,4,0.78,24,13,17,7,16.0,0.0,7.0,1.0,0.0,1.0,0.9411764705882353,0.9696969696969697,1.0,0.9705882352941176,0.9701425001453319,0.6666666666666666,0,1
9,4,0.7888,24,13,17,7,16.0,0.0,7.0,1.0,0.0,1.0,0.9411764705882353,0.9696969696969697,1.0,0.9705882352941176,0.9701425001453319,0.6666666666666666,0,1
9,5,0.78,176,13,72,104,60.0,0.0,104.0,12.0,0.0,1.0,0.8333333333333334,0.9090909090909091,1.0,0.9166666666666667,0.9128709291752769,0.3409090909090909,0,12
9,5,0.7888,176,13,72,104,60.0,0.0,104.0,12.0,0.0,1.0,0.8333333333333334,0.9090909090909091,1.0,0.9166666666666667,0.9128709291752769,0.3409090909090909,0,12
10,1,0.78,1,1,1,0,1.0,0.0,0.0,0.0,0.0,1.0,1.0,1.0,0.0,0.5,0.0,1.0,0,0
10,1,0.7888,1,1,1,0,1.0,0.0,0.0,0.0,0.0,1.0,1.0,1.0,0.0,0.5,0.0,1.0,0,0
10,2,0.78,6,6,6,0,6.0,0.0,0.0,0.0,0.0,1.0,1.0,1.0,0.0,0.5,0.0,1.0,0,0
10,2,0.7888,6,6,6,0,6.0,0.0,0.0,0.0,0.0,1.0,1.0,1.0,0.0,0.5,0.0,1.0,0,0
10,3,0.78,31,12,21,10,19.0,0.0,10.0,2.0,0.0,1.0,0.9047619047619048,0.9500000000000001,1.0,0.9523809523809523,0.9511897312113419,0.6129032258064516,0,2
10,3,0.7888,31,12,21,10,19.0,0.0,10.0,2.0,0.0,1.0,0.9047619047619048,0.9500000000000001,1.0,0.9523809523809523,0.9511897312113419,0.6129032258064516,0,2
10,4,0.78,15,13,13,2,13.0,0.0,2.0,0.0,0.0,1.0,1.0,1.0,1.0,1.0,1.0,0.8666666666666667,0,0
10,4,0.7888,15,13,13,2,13.0,0.0,2.0,0.0,0.0,1.0,1.0,1.0,1.0,1.0,1.0,0.8666666666666667,0,0
10,5,0.78,184,14,77,107,64.0,0.0,107.0,13.0,0.0,1.0,0.8311688311688312,0.9078014184397163,1.0,0.9155844155844156,0.9116846116771036,0.34782608695652173,0,13
10,5,0.7888,184,14,77,107,64.0,0.0,107.0,13.0,0.0,1.0,0.8311688311688312,0.9078014184397163,1.0,0.9155844155844156,0.9116846116771036,0.34782608695652173,0,13
