repeat,fold,status,training_threshold,train_size,test_size,train_pass,train_fail,test_pass,test_fail,train_leakage_groups,test_leakage_groups,test_technical_far,test_precision,test_recall,test_f1,test_coverage,test_accepted_high_risk_proxy_failures,test_far_le_5pct
1,1,OK,0.7888,236,1,117,119,1,0,45,1,0.0,1.0,1.0,1.0,1.0,0,True
1,2,OK,0.7888,218,19,104,114,14,5,36,10,0.0,1.0,1.0,1.0,0.7368421052631579,0,True
1,3,OK,0.813,217,20,101,116,17,3,34,12,0.0,1.0,0.8235294117647058,0.9032258064516129,0.7,0,True
1,4,OK,0.7888,223,14,106,117,12,2,34,12,0.0,1.0,0.9166666666666666,0.9565217391304348,0.7857142857142857,0,True
1,5,OK,0.675,54,183,44,10,74,109,35,11,0.09174311926605505,0.875,0.9459459459459459,0.9090909090909091,0.4371584699453552,10,False
2,1,OK,0.7888,236,1,117,119,1,0,45,1,0.0,1.0,1.0,1.0,1.0,0,True
2,2,OK,0.7888,224,13,106,118,12,1,34,12,0.0,1.0,1.0,1.0,0.9230769230769231,0,True
2,3,OK,0.813,210,27,97,113,21,6,35,11,0.0,1.0,0.8095238095238095,0.8947368421052632,0.6296296296296297,0,True
2,4,OK,0.7888,197,40,93,104,25,15,34,12,0.0,1.0,0.84,0.9130434782608696,0.525,0,True
2,5,OK,0.576,81,156,59,22,59,97,36,10,0.12371134020618557,0.8309859154929577,1.0,0.9076923076923077,0.4551282051282051,12,False
3,1,OK,0.7888,236,1,117,119,1,0,45,1,0.0,1.0,1.0,1.0,1.0,0,True
3,2,OK,0.7888,218,19,101,117,17,2,34,12,0.0,1.0,0.8823529411764706,0.9375,0.7894736842105263,0,True
3,3,OK,0.820517,206,31,98,108,20,11,35,11,0.0,1.0,0.85,0.9189189189189189,0.5483870967741935,0,True
3,4,OK,0.7888,208,29,99,109,19,10,36,10,0.0,1.0,0.7894736842105263,0.8823529411764706,0.5172413793103449,0,True
3,5,OK,0.576,80,157,57,23,61,96,34,12,0.125,0.8356164383561644,1.0,0.9104477611940298,0.46496815286624205,12,False
4,1,OK,0.7888,236,1,117,119,1,0,45,1,0.0,1.0,1.0,1.0,1.0,0,True
4,2,OK,0.833286,215,22,102,113,16,6,34,12,0.0,1.0,0.8125,0.896551724137931,0.5909090909090909,0,True
4,3,OK,0.7888,216,21,102,114,16,5,34,12,0.0,1.0,0.875,0.9333333333333333,0.6666666666666666,0,True
4,4,OK,0.7888,217,20,101,116,17,3,34,12,0.0,1.0,0.8823529411764706,0.9375,0.75,0,True
4,5,OK,0.657869,64,173,50,14,68,105,37,9,0.11428571428571428,0.8441558441558441,0.9558823529411765,0.8965517241379309,0.44508670520231214,12,False
5,1,OK,0.7888,236,1,117,119,1,0,45,1,0.0,1.0,1.0,1.0,1.0,0,True
5,2,OK,0.7888,208,29,96,112,22,7,33,13,0.0,1.0,0.9090909090909091,0.9523809523809523,0.6896551724137931,0,True
5,3,OK,0.7888,222,15,108,114,10,5,40,6,0.0,1.0,0.8,0.888888888888889,0.5333333333333333,0,True
5,4,OK,0.7888,213,24,100,113,18,6,33,13,0.0,1.0,0.9444444444444444,0.9714285714285714,0.7083333333333334,0,True
5,5,OK,0.657869,69,168,51,18,67,101,33,13,0.1188118811881188,0.8441558441558441,0.9701492537313433,0.9027777777777779,0.4583333333333333,12,False
6,1,OK,0.7888,236,1,117,119,1,0,45,1,0.0,1.0,1.0,1.0,1.0,0,True
6,2,OK,0.7888,192,45,88,104,30,15,35,11,0.0,1.0,0.8333333333333334,0.9090909090909091,0.5555555555555556,0,True
6,3,OK,0.7888,229,8,110,119,8,0,38,8,0.0,1.0,0.875,0.9333333333333333,0.875,0,True
6,4,OK,0.7888,224,13,106,118,12,1,34,12,0.0,1.0,1.0,1.0,0.9230769230769231,0,True
6,5,OK,0.576,67,170,51,16,67,103,32,14,0.11650485436893204,0.8481012658227848,1.0,0.9178082191780821,0.4647058823529412,12,False
7,1,OK,0.7888,235,2,117,118,1,1,45,1,0.0,1.0,1.0,1.0,0.5,0,True
7,2,OK,0.813,217,20,100,117,18,2,33,13,0.0,1.0,0.8333333333333334,0.9090909090909091,0.75,0,True
7,3,OK,0.7888,229,8,111,118,7,1,39,7,0.0,1.0,1.0,1.0,0.875,0,True
7,4,OK,0.7888,223,14,106,117,12,2,34,12,0.0,1.0,0.9166666666666666,0.9565217391304348,0.7857142857142857,0,True
7,5,OK,0.546488,44,193,38,6,80,113,33,13,0.13274336283185842,0.8404255319148937,0.9875,0.9080459770114943,0.48704663212435234,12,False
8,1,OK,0.7888,236,1,117,119,1,0,45,1,0.0,1.0,1.0,1.0,1.0,0,True
8,2,OK,0.820517,221,16,107,114,11,5,39,7,0.0,1.0,0.8181818181818182,0.9,0.5625,0,True
8,3,OK,0.7888,207,30,97,110,21,9,34,12,0.0,1.0,0.8571428571428571,0.923076923076923,0.6,0,True
8,4,OK,0.7888,217,20,101,116,17,3,34,12,0.0,1.0,0.8823529411764706,0.9375,0.75,0,True
8,5,OK,0.657869,67,170,50,17,68,102,32,14,0.11764705882352941,0.8461538461538461,0.9705882352941176,0.9041095890410958,0.4588235294117647,12,False
9,1,OK,0.7888,236,1,117,119,1,0,45,1,0.0,1.0,1.0,1.0,1.0,0,True
9,2,OK,0.7888,230,7,111,119,7,0,39,7,0.0,1.0,0.8571428571428571,0.923076923076923,0.8571428571428571,0,True
9,3,OK,0.7888,208,29,97,111,21,8,34,12,0.0,1.0,0.9523809523809523,0.975609756097561,0.6896551724137931,0,True
9,4,OK,0.7888,213,24,101,112,17,7,33,13,0.0,1.0,0.9411764705882353,0.9696969696969697,0.6666666666666666,0,True
9,5,OK,0.657869,61,176,46,15,72,104,33,13,0.11538461538461539,0.85,0.9444444444444444,0.8947368421052632,0.45454545454545453,12,False
10,1,OK,0.7888,236,1,117,119,1,0,45,1,0.0,1.0,1.0,1.0,1.0,0,True
10,2,OK,0.7888,231,6,112,119,6,0,40,6,0.0,1.0,1.0,1.0,1.0,0,True
10,3,OK,0.7888,206,31,97,109,21,10,34,12,0.0,1.0,0.9047619047619048,0.9500000000000001,0.6129032258064516,0,True
10,4,OK,0.813,222,15,105,117,13,2,33,13,0.0,1.0,0.9230769230769231,0.9600000000000001,0.8,0,True
10,5,OK,0.675,53,184,41,12,77,107,32,14,0.09345794392523364,0.8780487804878049,0.935064935064935,0.9056603773584906,0.44565217391304346,10,False
