analysis,n,pass,fail,leakage_groups,group_weighted,status,threshold,tp,fp,tn,fn,technical_far,false_rejection_rate,precision,recall,specificity,f1,balanced_accuracy,g_mean,youden_j,coverage,accepted_high_risk_proxy_failures,fixed_group_cv_f1_std,noise_rate,iteration,flipped_labels,selected_threshold,evaluation_against_original_weak_labels_far,evaluation_against_original_weak_labels_recall,evaluation_against_original_weak_labels_f1,material_decision_change
HIGH_only,237,118,119,46,False,NOT_IDENTIFIABLE_OR_NO_VALID_THRESHOLD,,,,,,,,,,,,,,,,,,,,,,,,,
HIGH_plus_MEDIUM,269,127,142,55,False,NOT_IDENTIFIABLE_OR_NO_VALID_THRESHOLD,,,,,,,,,,,,,,,,,,,,,,,,,
all_technically_usable,270,127,143,55,False,NOT_IDENTIFIABLE_OR_NO_VALID_THRESHOLD,,,,,,,,,,,,,,,,,,,,,,,,,
group_weighted_leakage_groups,270,127,143,55,True,NOT_IDENTIFIABLE_OR_NO_VALID_THRESHOLD,,,,,,,,,,,,,,,,,,,,,,,,,
without_quality_flag_cases,262,127,135,55,False,NOT_IDENTIFIABLE_OR_NO_VALID_THRESHOLD,,,,,,,,,,,,,,,,,,,,,,,,,
including_quality_flag_cases,270,127,143,55,False,NOT_IDENTIFIABLE_OR_NO_VALID_THRESHOLD,,,,,,,,,,,,,,,,,,,,,,,,,
source_type:helvetia_pdf,47,28,19,5,False,NOT_IDENTIFIABLE_OR_NO_VALID_THRESHOLD,,,,,,,,,,,,,,,,,,,,,,,,,
source_type:insuranceqa,61,40,21,40,False,VALID,0.961509,29.0,0.0,21.0,11.0,0.0,0.275,1.0,0.725,1.0,0.8405797101449275,0.8625,0.85146931829632,0.7250000000000001,0.47540983606557374,0,,,,,,,,,
source_type:legacy_synthetic,9,9,0,9,False,NOT_IDENTIFIABLE_OR_NO_VALID_THRESHOLD,,,,,,,,,,,,,,,,,,,,,,,,,
source_type:synthetic_crm,153,50,103,1,False,VALID,0.9575,25.0,0.0,103.0,25.0,0.0,0.5,1.0,0.5,1.0,0.6666666666666666,0.75,0.7071067811865476,0.5,0.16339869281045752,0,,,,,,,,,
mutation_type:answer_from_distractor_document,7,0,7,7,False,NOT_IDENTIFIABLE_OR_NO_VALID_THRESHOLD,,,,,,,,,,,,,,,,,,,,,,,,,
mutation_type:citation_mismatch,4,0,4,4,False,NOT_IDENTIFIABLE_OR_NO_VALID_THRESHOLD,,,,,,,,,,,,,,,,,,,,,,,,,
mutation_type:correct_fact_but_wrong_entity,10,0,10,1,False,NOT_IDENTIFIABLE_OR_NO_VALID_THRESHOLD,,,,,,,,,,,,,,,,,,,,,,,,,
mutation_type:correct_number_but_wrong_policy,10,0,10,1,False,NOT_IDENTIFIABLE_OR_NO_VALID_THRESHOLD,,,,,,,,,,,,,,,,,,,,,,,,,
mutation_type:cross_product_confusion,5,0,5,5,False,NOT_IDENTIFIABLE_OR_NO_VALID_THRESHOLD,,,,,,,,,,,,,,,,,,,,,,,,,
mutation_type:exact_answer,12,12,0,12,False,NOT_IDENTIFIABLE_OR_NO_VALID_THRESHOLD,,,,,,,,,,,,,,,,,,,,,,,,,
mutation_type:exact_supported_excerpt,19,19,0,5,False,NOT_IDENTIFIABLE_OR_NO_VALID_THRESHOLD,,,,,,,,,,,,,,,,,,,,,,,,,
mutation_type:insufficient_evidence,2,0,2,2,False,NOT_IDENTIFIABLE_OR_NO_VALID_THRESHOLD,,,,,,,,,,,,,,,,,,,,,,,,,
mutation_type:legacy_supported_candidate,9,9,0,9,False,NOT_IDENTIFIABLE_OR_NO_VALID_THRESHOLD,,,,,,,,,,,,,,,,,,,,,,,,,
mutation_type:partially_supported_answer,5,0,5,5,False,NOT_IDENTIFIABLE_OR_NO_VALID_THRESHOLD,,,,,,,,,,,,,,,,,,,,,,,,,
mutation_type:reversed_coverage,6,0,6,5,False,NOT_IDENTIFIABLE_OR_NO_VALID_THRESHOLD,,,,,,,,,,,,,,,,,,,,,,,,,
mutation_type:supported_answer_preface,13,13,0,13,False,NOT_IDENTIFIABLE_OR_NO_VALID_THRESHOLD,,,,,,,,,,,,,,,,,,,,,,,,,
mutation_type:supported_answer_with_citation,15,15,0,15,False,NOT_IDENTIFIABLE_OR_NO_VALID_THRESHOLD,,,,,,,,,,,,,,,,,,,,,,,,,
mutation_type:supported_claim_record,1,1,0,1,False,NOT_IDENTIFIABLE_OR_NO_VALID_THRESHOLD,,,,,,,,,,,,,,,,,,,,,,,,,
mutation_type:supported_coverage_status_dates,16,16,0,1,False,NOT_IDENTIFIABLE_OR_NO_VALID_THRESHOLD,,,,,,,,,,,,,,,,,,,,,,,,,
mutation_type:supported_current_policy,1,1,0,1,False,NOT_IDENTIFIABLE_OR_NO_VALID_THRESHOLD,,,,,,,,,,,,,,,,,,,,,,,,,
mutation_type:supported_deductible_and_premium,16,16,0,1,False,NOT_IDENTIFIABLE_OR_NO_VALID_THRESHOLD,,,,,,,,,,,,,,,,,,,,,,,,,
mutation_type:supported_excerpt_with_citation,9,9,0,5,False,NOT_IDENTIFIABLE_OR_NO_VALID_THRESHOLD,,,,,,,,,,,,,,,,,,,,,,,,,
mutation_type:supported_policy_multi_claim,16,16,0,1,False,NOT_IDENTIFIABLE_OR_NO_VALID_THRESHOLD,,,,,,,,,,,,,,,,,,,,,,,,,
mutation_type:unsupported_claim_decision,8,0,8,1,False,NOT_IDENTIFIABLE_OR_NO_VALID_THRESHOLD,,,,,,,,,,,,,,,,,,,,,,,,,
mutation_type:unsupported_extra_claim,4,0,4,4,False,NOT_IDENTIFIABLE_OR_NO_VALID_THRESHOLD,,,,,,,,,,,,,,,,,,,,,,,,,
mutation_type:wrong_coverage,10,0,10,1,False,NOT_IDENTIFIABLE_OR_NO_VALID_THRESHOLD,,,,,,,,,,,,,,,,,,,,,,,,,
mutation_type:wrong_current_policy,5,0,5,1,False,NOT_IDENTIFIABLE_OR_NO_VALID_THRESHOLD,,,,,,,,,,,,,,,,,,,,,,,,,
mutation_type:wrong_customer,10,0,10,1,False,NOT_IDENTIFIABLE_OR_NO_VALID_THRESHOLD,,,,,,,,,,,,,,,,,,,,,,,,,
mutation_type:wrong_date,10,0,10,1,False,NOT_IDENTIFIABLE_OR_NO_VALID_THRESHOLD,,,,,,,,,,,,,,,,,,,,,,,,,
mutation_type:wrong_deductible,10,0,10,1,False,NOT_IDENTIFIABLE_OR_NO_VALID_THRESHOLD,,,,,,,,,,,,,,,,,,,,,,,,,
mutation_type:wrong_limit,5,0,5,4,False,NOT_IDENTIFIABLE_OR_NO_VALID_THRESHOLD,,,,,,,,,,,,,,,,,,,,,,,,,
mutation_type:wrong_percentage,2,0,2,2,False,NOT_IDENTIFIABLE_OR_NO_VALID_THRESHOLD,,,,,,,,,,,,,,,,,,,,,,,,,
mutation_type:wrong_policy,10,0,10,1,False,NOT_IDENTIFIABLE_OR_NO_VALID_THRESHOLD,,,,,,,,,,,,,,,,,,,,,,,,,
mutation_type:wrong_policy_status,10,0,10,1,False,NOT_IDENTIFIABLE_OR_NO_VALID_THRESHOLD,,,,,,,,,,,,,,,,,,,,,,,,,
mutation_type:wrong_premium,10,0,10,1,False,NOT_IDENTIFIABLE_OR_NO_VALID_THRESHOLD,,,,,,,,,,,,,,,,,,,,,,,,,
weak_label_noise,,,,,,NO_VALID_THRESHOLD,,,,,,,,,,,,,,,,,,0.01,1,2,,,,,
weak_label_noise,,,,,,NO_VALID_THRESHOLD,,,,,,,,,,,,,,,,,,0.01,2,2,,,,,
weak_label_noise,,,,,,NO_VALID_THRESHOLD,,,,,,,,,,,,,,,,,,0.01,3,2,,,,,
weak_label_noise,,,,,,NO_VALID_THRESHOLD,,,,,,,,,,,,,,,,,,0.01,4,2,,,,,
weak_label_noise,,,,,,NO_VALID_THRESHOLD,,,,,,,,,,,,,,,,,,0.01,5,2,,,,,
weak_label_noise,,,,,,NO_VALID_THRESHOLD,,,,,,,,,,,,,,,,,,0.01,6,2,,,,,
weak_label_noise,,,,,,NO_VALID_THRESHOLD,,,,,,,,,,,,,,,,,,0.01,7,2,,,,,
weak_label_noise,,,,,,NO_VALID_THRESHOLD,,,,,,,,,,,,,,,,,,0.01,8,2,,,,,
weak_label_noise,,,,,,NO_VALID_THRESHOLD,,,,,,,,,,,,,,,,,,0.01,9,2,,,,,
weak_label_noise,,,,,,NO_VALID_THRESHOLD,,,,,,,,,,,,,,,,,,0.01,10,2,,,,,
weak_label_noise,,,,,,NO_VALID_THRESHOLD,,,,,,,,,,,,,,,,,,0.01,11,2,,,,,
weak_label_noise,,,,,,NO_VALID_THRESHOLD,,,,,,,,,,,,,,,,,,0.01,12,2,,,,,
weak_label_noise,,,,,,NO_VALID_THRESHOLD,,,,,,,,,,,,,,,,,,0.01,13,2,,,,,
weak_label_noise,,,,,,NO_VALID_THRESHOLD,,,,,,,,,,,,,,,,,,0.01,14,2,,,,,
weak_label_noise,,,,,,NO_VALID_THRESHOLD,,,,,,,,,,,,,,,,,,0.01,15,2,,,,,
weak_label_noise,,,,,,NO_VALID_THRESHOLD,,,,,,,,,,,,,,,,,,0.01,16,2,,,,,
weak_label_noise,,,,,,NO_VALID_THRESHOLD,,,,,,,,,,,,,,,,,,0.01,17,2,,,,,
weak_label_noise,,,,,,NO_VALID_THRESHOLD,,,,,,,,,,,,,,,,,,0.01,18,2,,,,,
weak_label_noise,,,,,,NO_VALID_THRESHOLD,,,,,,,,,,,,,,,,,,0.01,19,2,,,,,
weak_label_noise,,,,,,NO_VALID_THRESHOLD,,,,,,,,,,,,,,,,,,0.01,20,2,,,,,
weak_label_noise,,,,,,NO_VALID_THRESHOLD,,,,,,,,,,,,,,,,,,0.01,21,2,,,,,
weak_label_noise,,,,,,NO_VALID_THRESHOLD,,,,,,,,,,,,,,,,,,0.01,22,2,,,,,
weak_label_noise,,,,,,NO_VALID_THRESHOLD,,,,,,,,,,,,,,,,,,0.01,23,2,,,,,
weak_label_noise,,,,,,NO_VALID_THRESHOLD,,,,,,,,,,,,,,,,,,0.01,24,2,,,,,
weak_label_noise,,,,,,NO_VALID_THRESHOLD,,,,,,,,,,,,,,,,,,0.01,25,2,,,,,
weak_label_noise,,,,,,NO_VALID_THRESHOLD,,,,,,,,,,,,,,,,,,0.01,26,2,,,,,
weak_label_noise,,,,,,NO_VALID_THRESHOLD,,,,,,,,,,,,,,,,,,0.01,27,2,,,,,
weak_label_noise,,,,,,NO_VALID_THRESHOLD,,,,,,,,,,,,,,,,,,0.01,28,2,,,,,
weak_label_noise,,,,,,NO_VALID_THRESHOLD,,,,,,,,,,,,,,,,,,0.01,29,2,,,,,
weak_label_noise,,,,,,NO_VALID_THRESHOLD,,,,,,,,,,,,,,,,,,0.01,30,2,,,,,
weak_label_noise,,,,,,NO_VALID_THRESHOLD,,,,,,,,,,,,,,,,,,0.01,31,2,,,,,
weak_label_noise,,,,,,NO_VALID_THRESHOLD,,,,,,,,,,,,,,,,,,0.01,32,2,,,,,
weak_label_noise,,,,,,NO_VALID_THRESHOLD,,,,,,,,,,,,,,,,,,0.01,33,2,,,,,
weak_label_noise,,,,,,NO_VALID_THRESHOLD,,,,,,,,,,,,,,,,,,0.01,34,2,,,,,
weak_label_noise,,,,,,NO_VALID_THRESHOLD,,,,,,,,,,,,,,,,,,0.01,35,2,,,,,
weak_label_noise,,,,,,NO_VALID_THRESHOLD,,,,,,,,,,,,,,,,,,0.01,36,2,,,,,
weak_label_noise,,,,,,NO_VALID_THRESHOLD,,,,,,,,,,,,,,,,,,0.01,37,2,,,,,
weak_label_noise,,,,,,NO_VALID_THRESHOLD,,,,,,,,,,,,,,,,,,0.01,38,2,,,,,
weak_label_noise,,,,,,NO_VALID_THRESHOLD,,,,,,,,,,,,,,,,,,0.01,39,2,,,,,
weak_label_noise,,,,,,NO_VALID_THRESHOLD,,,,,,,,,,,,,,,,,,0.01,40,2,,,,,
weak_label_noise,,,,,,NO_VALID_THRESHOLD,,,,,,,,,,,,,,,,,,0.01,41,2,,,,,
weak_label_noise,,,,,,NO_VALID_THRESHOLD,,,,,,,,,,,,,,,,,,0.01,42,2,,,,,
weak_label_noise,,,,,,NO_VALID_THRESHOLD,,,,,,,,,,,,,,,,,,0.01,43,2,,,,,
weak_label_noise,,,,,,NO_VALID_THRESHOLD,,,,,,,,,,,,,,,,,,0.01,44,2,,,,,
weak_label_noise,,,,,,NO_VALID_THRESHOLD,,,,,,,,,,,,,,,,,,0.01,45,2,,,,,
weak_label_noise,,,,,,NO_VALID_THRESHOLD,,,,,,,,,,,,,,,,,,0.01,46,2,,,,,
weak_label_noise,,,,,,NO_VALID_THRESHOLD,,,,,,,,,,,,,,,,,,0.01,47,2,,,,,
weak_label_noise,,,,,,NO_VALID_THRESHOLD,,,,,,,,,,,,,,,,,,0.01,48,2,,,,,
weak_label_noise,,,,,,NO_VALID_THRESHOLD,,,,,,,,,,,,,,,,,,0.01,49,2,,,,,
weak_label_noise,,,,,,NO_VALID_THRESHOLD,,,,,,,,,,,,,,,,,,0.01,50,2,,,,,
weak_label_noise,,,,,,NO_VALID_THRESHOLD,,,,,,,,,,,,,,,,,,0.01,51,2,,,,,
weak_label_noise,,,,,,NO_VALID_THRESHOLD,,,,,,,,,,,,,,,,,,0.01,52,2,,,,,
weak_label_noise,,,,,,NO_VALID_THRESHOLD,,,,,,,,,,,,,,,,,,0.01,53,2,,,,,
weak_label_noise,,,,,,NO_VALID_THRESHOLD,,,,,,,,,,,,,,,,,,0.01,54,2,,,,,
weak_label_noise,,,,,,NO_VALID_THRESHOLD,,,,,,,,,,,,,,,,,,0.01,55,2,,,,,
weak_label_noise,,,,,,NO_VALID_THRESHOLD,,,,,,,,,,,,,,,,,,0.01,56,2,,,,,
weak_label_noise,,,,,,NO_VALID_THRESHOLD,,,,,,,,,,,,,,,,,,0.01,57,2,,,,,
weak_label_noise,,,,,,NO_VALID_THRESHOLD,,,,,,,,,,,,,,,,,,0.01,58,2,,,,,
weak_label_noise,,,,,,NO_VALID_THRESHOLD,,,,,,,,,,,,,,,,,,0.01,59,2,,,,,
weak_label_noise,,,,,,NO_VALID_THRESHOLD,,,,,,,,,,,,,,,,,,0.01,60,2,,,,,
weak_label_noise,,,,,,NO_VALID_THRESHOLD,,,,,,,,,,,,,,,,,,0.01,61,2,,,,,
weak_label_noise,,,,,,NO_VALID_THRESHOLD,,,,,,,,,,,,,,,,,,0.01,62,2,,,,,
weak_label_noise,,,,,,NO_VALID_THRESHOLD,,,,,,,,,,,,,,,,,,0.01,63,2,,,,,
weak_label_noise,,,,,,NO_VALID_THRESHOLD,,,,,,,,,,,,,,,,,,0.01,64,2,,,,,
weak_label_noise,,,,,,NO_VALID_THRESHOLD,,,,,,,,,,,,,,,,,,0.01,65,2,,,,,
weak_label_noise,,,,,,NO_VALID_THRESHOLD,,,,,,,,,,,,,,,,,,0.01,66,2,,,,,
weak_label_noise,,,,,,NO_VALID_THRESHOLD,,,,,,,,,,,,,,,,,,0.01,67,2,,,,,
weak_label_noise,,,,,,NO_VALID_THRESHOLD,,,,,,,,,,,,,,,,,,0.01,68,2,,,,,
weak_label_noise,,,,,,NO_VALID_THRESHOLD,,,,,,,,,,,,,,,,,,0.01,69,2,,,,,
weak_label_noise,,,,,,NO_VALID_THRESHOLD,,,,,,,,,,,,,,,,,,0.01,70,2,,,,,
weak_label_noise,,,,,,NO_VALID_THRESHOLD,,,,,,,,,,,,,,,,,,0.01,71,2,,,,,
weak_label_noise,,,,,,NO_VALID_THRESHOLD,,,,,,,,,,,,,,,,,,0.01,72,2,,,,,
weak_label_noise,,,,,,NO_VALID_THRESHOLD,,,,,,,,,,,,,,,,,,0.01,73,2,,,,,
weak_label_noise,,,,,,NO_VALID_THRESHOLD,,,,,,,,,,,,,,,,,,0.01,74,2,,,,,
weak_label_noise,,,,,,NO_VALID_THRESHOLD,,,,,,,,,,,,,,,,,,0.01,75,2,,,,,
weak_label_noise,,,,,,NO_VALID_THRESHOLD,,,,,,,,,,,,,,,,,,0.01,76,2,,,,,
weak_label_noise,,,,,,NO_VALID_THRESHOLD,,,,,,,,,,,,,,,,,,0.01,77,2,,,,,
weak_label_noise,,,,,,NO_VALID_THRESHOLD,,,,,,,,,,,,,,,,,,0.01,78,2,,,,,
weak_label_noise,,,,,,NO_VALID_THRESHOLD,,,,,,,,,,,,,,,,,,0.01,79,2,,,,,
weak_label_noise,,,,,,NO_VALID_THRESHOLD,,,,,,,,,,,,,,,,,,0.01,80,2,,,,,
weak_label_noise,,,,,,NO_VALID_THRESHOLD,,,,,,,,,,,,,,,,,,0.01,81,2,,,,,
weak_label_noise,,,,,,NO_VALID_THRESHOLD,,,,,,,,,,,,,,,,,,0.01,82,2,,,,,
weak_label_noise,,,,,,NO_VALID_THRESHOLD,,,,,,,,,,,,,,,,,,0.01,83,2,,,,,
weak_label_noise,,,,,,NO_VALID_THRESHOLD,,,,,,,,,,,,,,,,,,0.01,84,2,,,,,
weak_label_noise,,,,,,NO_VALID_THRESHOLD,,,,,,,,,,,,,,,,,,0.01,85,2,,,,,
weak_label_noise,,,,,,NO_VALID_THRESHOLD,,,,,,,,,,,,,,,,,,0.01,86,2,,,,,
weak_label_noise,,,,,,NO_VALID_THRESHOLD,,,,,,,,,,,,,,,,,,0.01,87,2,,,,,
weak_label_noise,,,,,,NO_VALID_THRESHOLD,,,,,,,,,,,,,,,,,,0.01,88,2,,,,,
weak_label_noise,,,,,,NO_VALID_THRESHOLD,,,,,,,,,,,,,,,,,,0.01,89,2,,,,,
weak_label_noise,,,,,,NO_VALID_THRESHOLD,,,,,,,,,,,,,,,,,,0.01,90,2,,,,,
weak_label_noise,,,,,,NO_VALID_THRESHOLD,,,,,,,,,,,,,,,,,,0.01,91,2,,,,,
weak_label_noise,,,,,,NO_VALID_THRESHOLD,,,,,,,,,,,,,,,,,,0.01,92,2,,,,,
weak_label_noise,,,,,,NO_VALID_THRESHOLD,,,,,,,,,,,,,,,,,,0.01,93,2,,,,,
weak_label_noise,,,,,,NO_VALID_THRESHOLD,,,,,,,,,,,,,,,,,,0.01,94,2,,,,,
weak_label_noise,,,,,,NO_VALID_THRESHOLD,,,,,,,,,,,,,,,,,,0.01,95,2,,,,,
weak_label_noise,,,,,,NO_VALID_THRESHOLD,,,,,,,,,,,,,,,,,,0.01,96,2,,,,,
weak_label_noise,,,,,,NO_VALID_THRESHOLD,,,,,,,,,,,,,,,,,,0.01,97,2,,,,,
weak_label_noise,,,,,,NO_VALID_THRESHOLD,,,,,,,,,,,,,,,,,,0.01,98,2,,,,,
weak_label_noise,,,,,,NO_VALID_THRESHOLD,,,,,,,,,,,,,,,,,,0.01,99,2,,,,,
weak_label_noise,,,,,,NO_VALID_THRESHOLD,,,,,,,,,,,,,,,,,,0.01,100,2,,,,,
weak_label_noise,,,,,,NO_VALID_THRESHOLD,,,,,,,,,,,,,,,,,,0.01,101,2,,,,,
weak_label_noise,,,,,,NO_VALID_THRESHOLD,,,,,,,,,,,,,,,,,,0.01,102,2,,,,,
weak_label_noise,,,,,,NO_VALID_THRESHOLD,,,,,,,,,,,,,,,,,,0.01,103,2,,,,,
weak_label_noise,,,,,,NO_VALID_THRESHOLD,,,,,,,,,,,,,,,,,,0.01,104,2,,,,,
weak_label_noise,,,,,,NO_VALID_THRESHOLD,,,,,,,,,,,,,,,,,,0.01,105,2,,,,,
weak_label_noise,,,,,,NO_VALID_THRESHOLD,,,,,,,,,,,,,,,,,,0.01,106,2,,,,,
weak_label_noise,,,,,,NO_VALID_THRESHOLD,,,,,,,,,,,,,,,,,,0.01,107,2,,,,,
weak_label_noise,,,,,,NO_VALID_THRESHOLD,,,,,,,,,,,,,,,,,,0.01,108,2,,,,,
weak_label_noise,,,,,,NO_VALID_THRESHOLD,,,,,,,,,,,,,,,,,,0.01,109,2,,,,,
weak_label_noise,,,,,,NO_VALID_THRESHOLD,,,,,,,,,,,,,,,,,,0.01,110,2,,,,,
weak_label_noise,,,,,,NO_VALID_THRESHOLD,,,,,,,,,,,,,,,,,,0.01,111,2,,,,,
weak_label_noise,,,,,,NO_VALID_THRESHOLD,,,,,,,,,,,,,,,,,,0.01,112,2,,,,,
weak_label_noise,,,,,,NO_VALID_THRESHOLD,,,,,,,,,,,,,,,,,,0.01,113,2,,,,,
weak_label_noise,,,,,,NO_VALID_THRESHOLD,,,,,,,,,,,,,,,,,,0.01,114,2,,,,,
weak_label_noise,,,,,,NO_VALID_THRESHOLD,,,,,,,,,,,,,,,,,,0.01,115,2,,,,,
weak_label_noise,,,,,,NO_VALID_THRESHOLD,,,,,,,,,,,,,,,,,,0.01,116,2,,,,,
weak_label_noise,,,,,,NO_VALID_THRESHOLD,,,,,,,,,,,,,,,,,,0.01,117,2,,,,,
weak_label_noise,,,,,,NO_VALID_THRESHOLD,,,,,,,,,,,,,,,,,,0.01,118,2,,,,,
weak_label_noise,,,,,,NO_VALID_THRESHOLD,,,,,,,,,,,,,,,,,,0.01,119,2,,,,,
weak_label_noise,,,,,,NO_VALID_THRESHOLD,,,,,,,,,,,,,,,,,,0.01,120,2,,,,,
weak_label_noise,,,,,,NO_VALID_THRESHOLD,,,,,,,,,,,,,,,,,,0.01,121,2,,,,,
weak_label_noise,,,,,,NO_VALID_THRESHOLD,,,,,,,,,,,,,,,,,,0.01,122,2,,,,,
weak_label_noise,,,,,,NO_VALID_THRESHOLD,,,,,,,,,,,,,,,,,,0.01,123,2,,,,,
weak_label_noise,,,,,,NO_VALID_THRESHOLD,,,,,,,,,,,,,,,,,,0.01,124,2,,,,,
weak_label_noise,,,,,,NO_VALID_THRESHOLD,,,,,,,,,,,,,,,,,,0.01,125,2,,,,,
weak_label_noise,,,,,,NO_VALID_THRESHOLD,,,,,,,,,,,,,,,,,,0.01,126,2,,,,,
weak_label_noise,,,,,,NO_VALID_THRESHOLD,,,,,,,,,,,,,,,,,,0.01,127,2,,,,,
weak_label_noise,,,,,,NO_VALID_THRESHOLD,,,,,,,,,,,,,,,,,,0.01,128,2,,,,,
weak_label_noise,,,,,,NO_VALID_THRESHOLD,,,,,,,,,,,,,,,,,,0.01,129,2,,,,,
weak_label_noise,,,,,,NO_VALID_THRESHOLD,,,,,,,,,,,,,,,,,,0.01,130,2,,,,,
weak_label_noise,,,,,,NO_VALID_THRESHOLD,,,,,,,,,,,,,,,,,,0.01,131,2,,,,,
weak_label_noise,,,,,,NO_VALID_THRESHOLD,,,,,,,,,,,,,,,,,,0.01,132,2,,,,,
weak_label_noise,,,,,,NO_VALID_THRESHOLD,,,,,,,,,,,,,,,,,,0.01,133,2,,,,,
weak_label_noise,,,,,,NO_VALID_THRESHOLD,,,,,,,,,,,,,,,,,,0.01,134,2,,,,,
weak_label_noise,,,,,,NO_VALID_THRESHOLD,,,,,,,,,,,,,,,,,,0.01,135,2,,,,,
weak_label_noise,,,,,,NO_VALID_THRESHOLD,,,,,,,,,,,,,,,,,,0.01,136,2,,,,,
weak_label_noise,,,,,,NO_VALID_THRESHOLD,,,,,,,,,,,,,,,,,,0.01,137,2,,,,,
weak_label_noise,,,,,,NO_VALID_THRESHOLD,,,,,,,,,,,,,,,,,,0.01,138,2,,,,,
weak_label_noise,,,,,,NO_VALID_THRESHOLD,,,,,,,,,,,,,,,,,,0.01,139,2,,,,,
weak_label_noise,,,,,,NO_VALID_THRESHOLD,,,,,,,,,,,,,,,,,,0.01,140,2,,,,,
weak_label_noise,,,,,,NO_VALID_THRESHOLD,,,,,,,,,,,,,,,,,,0.01,141,2,,,,,
weak_label_noise,,,,,,NO_VALID_THRESHOLD,,,,,,,,,,,,,,,,,,0.01,142,2,,,,,
weak_label_noise,,,,,,NO_VALID_THRESHOLD,,,,,,,,,,,,,,,,,,0.01,143,2,,,,,
weak_label_noise,,,,,,NO_VALID_THRESHOLD,,,,,,,,,,,,,,,,,,0.01,144,2,,,,,
weak_label_noise,,,,,,NO_VALID_THRESHOLD,,,,,,,,,,,,,,,,,,0.01,145,2,,,,,
weak_label_noise,,,,,,NO_VALID_THRESHOLD,,,,,,,,,,,,,,,,,,0.01,146,2,,,,,
weak_label_noise,,,,,,NO_VALID_THRESHOLD,,,,,,,,,,,,,,,,,,0.01,147,2,,,,,
weak_label_noise,,,,,,NO_VALID_THRESHOLD,,,,,,,,,,,,,,,,,,0.01,148,2,,,,,
weak_label_noise,,,,,,NO_VALID_THRESHOLD,,,,,,,,,,,,,,,,,,0.01,149,2,,,,,
weak_label_noise,,,,,,NO_VALID_THRESHOLD,,,,,,,,,,,,,,,,,,0.01,150,2,,,,,
weak_label_noise,,,,,,NO_VALID_THRESHOLD,,,,,,,,,,,,,,,,,,0.01,151,2,,,,,
weak_label_noise,,,,,,NO_VALID_THRESHOLD,,,,,,,,,,,,,,,,,,0.01,152,2,,,,,
weak_label_noise,,,,,,NO_VALID_THRESHOLD,,,,,,,,,,,,,,,,,,0.01,153,2,,,,,
weak_label_noise,,,,,,NO_VALID_THRESHOLD,,,,,,,,,,,,,,,,,,0.01,154,2,,,,,
weak_label_noise,,,,,,NO_VALID_THRESHOLD,,,,,,,,,,,,,,,,,,0.01,155,2,,,,,
weak_label_noise,,,,,,NO_VALID_THRESHOLD,,,,,,,,,,,,,,,,,,0.01,156,2,,,,,
weak_label_noise,,,,,,NO_VALID_THRESHOLD,,,,,,,,,,,,,,,,,,0.01,157,2,,,,,
weak_label_noise,,,,,,NO_VALID_THRESHOLD,,,,,,,,,,,,,,,,,,0.01,158,2,,,,,
weak_label_noise,,,,,,NO_VALID_THRESHOLD,,,,,,,,,,,,,,,,,,0.01,159,2,,,,,
weak_label_noise,,,,,,NO_VALID_THRESHOLD,,,,,,,,,,,,,,,,,,0.01,160,2,,,,,
weak_label_noise,,,,,,NO_VALID_THRESHOLD,,,,,,,,,,,,,,,,,,0.01,161,2,,,,,
weak_label_noise,,,,,,NO_VALID_THRESHOLD,,,,,,,,,,,,,,,,,,0.01,162,2,,,,,
weak_label_noise,,,,,,NO_VALID_THRESHOLD,,,,,,,,,,,,,,,,,,0.01,163,2,,,,,
weak_label_noise,,,,,,NO_VALID_THRESHOLD,,,,,,,,,,,,,,,,,,0.01,164,2,,,,,
weak_label_noise,,,,,,NO_VALID_THRESHOLD,,,,,,,,,,,,,,,,,,0.01,165,2,,,,,
weak_label_noise,,,,,,NO_VALID_THRESHOLD,,,,,,,,,,,,,,,,,,0.01,166,2,,,,,
weak_label_noise,,,,,,NO_VALID_THRESHOLD,,,,,,,,,,,,,,,,,,0.01,167,2,,,,,
weak_label_noise,,,,,,NO_VALID_THRESHOLD,,,,,,,,,,,,,,,,,,0.01,168,2,,,,,
weak_label_noise,,,,,,NO_VALID_THRESHOLD,,,,,,,,,,,,,,,,,,0.01,169,2,,,,,
weak_label_noise,,,,,,NO_VALID_THRESHOLD,,,,,,,,,,,,,,,,,,0.01,170,2,,,,,
weak_label_noise,,,,,,NO_VALID_THRESHOLD,,,,,,,,,,,,,,,,,,0.01,171,2,,,,,
weak_label_noise,,,,,,NO_VALID_THRESHOLD,,,,,,,,,,,,,,,,,,0.01,172,2,,,,,
weak_label_noise,,,,,,NO_VALID_THRESHOLD,,,,,,,,,,,,,,,,,,0.01,173,2,,,,,
weak_label_noise,,,,,,NO_VALID_THRESHOLD,,,,,,,,,,,,,,,,,,0.01,174,2,,,,,
weak_label_noise,,,,,,NO_VALID_THRESHOLD,,,,,,,,,,,,,,,,,,0.01,175,2,,,,,
weak_label_noise,,,,,,NO_VALID_THRESHOLD,,,,,,,,,,,,,,,,,,0.01,176,2,,,,,
weak_label_noise,,,,,,NO_VALID_THRESHOLD,,,,,,,,,,,,,,,,,,0.01,177,2,,,,,
weak_label_noise,,,,,,NO_VALID_THRESHOLD,,,,,,,,,,,,,,,,,,0.01,178,2,,,,,
weak_label_noise,,,,,,NO_VALID_THRESHOLD,,,,,,,,,,,,,,,,,,0.01,179,2,,,,,
weak_label_noise,,,,,,NO_VALID_THRESHOLD,,,,,,,,,,,,,,,,,,0.01,180,2,,,,,
weak_label_noise,,,,,,NO_VALID_THRESHOLD,,,,,,,,,,,,,,,,,,0.01,181,2,,,,,
weak_label_noise,,,,,,NO_VALID_THRESHOLD,,,,,,,,,,,,,,,,,,0.01,182,2,,,,,
weak_label_noise,,,,,,NO_VALID_THRESHOLD,,,,,,,,,,,,,,,,,,0.01,183,2,,,,,
weak_label_noise,,,,,,NO_VALID_THRESHOLD,,,,,,,,,,,,,,,,,,0.01,184,2,,,,,
weak_label_noise,,,,,,NO_VALID_THRESHOLD,,,,,,,,,,,,,,,,,,0.01,185,2,,,,,
weak_label_noise,,,,,,NO_VALID_THRESHOLD,,,,,,,,,,,,,,,,,,0.01,186,2,,,,,
weak_label_noise,,,,,,NO_VALID_THRESHOLD,,,,,,,,,,,,,,,,,,0.01,187,2,,,,,
weak_label_noise,,,,,,NO_VALID_THRESHOLD,,,,,,,,,,,,,,,,,,0.01,188,2,,,,,
weak_label_noise,,,,,,NO_VALID_THRESHOLD,,,,,,,,,,,,,,,,,,0.01,189,2,,,,,
weak_label_noise,,,,,,NO_VALID_THRESHOLD,,,,,,,,,,,,,,,,,,0.01,190,2,,,,,
weak_label_noise,,,,,,NO_VALID_THRESHOLD,,,,,,,,,,,,,,,,,,0.01,191,2,,,,,
weak_label_noise,,,,,,NO_VALID_THRESHOLD,,,,,,,,,,,,,,,,,,0.01,192,2,,,,,
weak_label_noise,,,,,,NO_VALID_THRESHOLD,,,,,,,,,,,,,,,,,,0.01,193,2,,,,,
weak_label_noise,,,,,,NO_VALID_THRESHOLD,,,,,,,,,,,,,,,,,,0.01,194,2,,,,,
weak_label_noise,,,,,,NO_VALID_THRESHOLD,,,,,,,,,,,,,,,,,,0.01,195,2,,,,,
weak_label_noise,,,,,,NO_VALID_THRESHOLD,,,,,,,,,,,,,,,,,,0.01,196,2,,,,,
weak_label_noise,,,,,,NO_VALID_THRESHOLD,,,,,,,,,,,,,,,,,,0.01,197,2,,,,,
weak_label_noise,,,,,,NO_VALID_THRESHOLD,,,,,,,,,,,,,,,,,,0.01,198,2,,,,,
weak_label_noise,,,,,,NO_VALID_THRESHOLD,,,,,,,,,,,,,,,,,,0.01,199,2,,,,,
weak_label_noise,,,,,,NO_VALID_THRESHOLD,,,,,,,,,,,,,,,,,,0.01,200,2,,,,,
weak_label_noise,,,,,,NO_VALID_THRESHOLD,,,,,,,,,,,,,,,,,,0.05,1,12,,,,,
weak_label_noise,,,,,,NO_VALID_THRESHOLD,,,,,,,,,,,,,,,,,,0.05,2,12,,,,,
weak_label_noise,,,,,,NO_VALID_THRESHOLD,,,,,,,,,,,,,,,,,,0.05,3,12,,,,,
weak_label_noise,,,,,,NO_VALID_THRESHOLD,,,,,,,,,,,,,,,,,,0.05,4,12,,,,,
weak_label_noise,,,,,,NO_VALID_THRESHOLD,,,,,,,,,,,,,,,,,,0.05,5,12,,,,,
weak_label_noise,,,,,,NO_VALID_THRESHOLD,,,,,,,,,,,,,,,,,,0.05,6,12,,,,,
weak_label_noise,,,,,,NO_VALID_THRESHOLD,,,,,,,,,,,,,,,,,,0.05,7,12,,,,,
weak_label_noise,,,,,,NO_VALID_THRESHOLD,,,,,,,,,,,,,,,,,,0.05,8,12,,,,,
weak_label_noise,,,,,,NO_VALID_THRESHOLD,,,,,,,,,,,,,,,,,,0.05,9,12,,,,,
weak_label_noise,,,,,,NO_VALID_THRESHOLD,,,,,,,,,,,,,,,,,,0.05,10,12,,,,,
weak_label_noise,,,,,,NO_VALID_THRESHOLD,,,,,,,,,,,,,,,,,,0.05,11,12,,,,,
weak_label_noise,,,,,,NO_VALID_THRESHOLD,,,,,,,,,,,,,,,,,,0.05,12,12,,,,,
weak_label_noise,,,,,,NO_VALID_THRESHOLD,,,,,,,,,,,,,,,,,,0.05,13,12,,,,,
weak_label_noise,,,,,,NO_VALID_THRESHOLD,,,,,,,,,,,,,,,,,,0.05,14,12,,,,,
weak_label_noise,,,,,,NO_VALID_THRESHOLD,,,,,,,,,,,,,,,,,,0.05,15,12,,,,,
weak_label_noise,,,,,,NO_VALID_THRESHOLD,,,,,,,,,,,,,,,,,,0.05,16,12,,,,,
weak_label_noise,,,,,,NO_VALID_THRESHOLD,,,,,,,,,,,,,,,,,,0.05,17,12,,,,,
weak_label_noise,,,,,,NO_VALID_THRESHOLD,,,,,,,,,,,,,,,,,,0.05,18,12,,,,,
weak_label_noise,,,,,,NO_VALID_THRESHOLD,,,,,,,,,,,,,,,,,,0.05,19,12,,,,,
weak_label_noise,,,,,,NO_VALID_THRESHOLD,,,,,,,,,,,,,,,,,,0.05,20,12,,,,,
weak_label_noise,,,,,,NO_VALID_THRESHOLD,,,,,,,,,,,,,,,,,,0.05,21,12,,,,,
weak_label_noise,,,,,,NO_VALID_THRESHOLD,,,,,,,,,,,,,,,,,,0.05,22,12,,,,,
weak_label_noise,,,,,,NO_VALID_THRESHOLD,,,,,,,,,,,,,,,,,,0.05,23,12,,,,,
weak_label_noise,,,,,,NO_VALID_THRESHOLD,,,,,,,,,,,,,,,,,,0.05,24,12,,,,,
weak_label_noise,,,,,,NO_VALID_THRESHOLD,,,,,,,,,,,,,,,,,,0.05,25,12,,,,,
weak_label_noise,,,,,,NO_VALID_THRESHOLD,,,,,,,,,,,,,,,,,,0.05,26,12,,,,,
weak_label_noise,,,,,,NO_VALID_THRESHOLD,,,,,,,,,,,,,,,,,,0.05,27,12,,,,,
weak_label_noise,,,,,,NO_VALID_THRESHOLD,,,,,,,,,,,,,,,,,,0.05,28,12,,,,,
weak_label_noise,,,,,,NO_VALID_THRESHOLD,,,,,,,,,,,,,,,,,,0.05,29,12,,,,,
weak_label_noise,,,,,,NO_VALID_THRESHOLD,,,,,,,,,,,,,,,,,,0.05,30,12,,,,,
weak_label_noise,,,,,,NO_VALID_THRESHOLD,,,,,,,,,,,,,,,,,,0.05,31,12,,,,,
weak_label_noise,,,,,,NO_VALID_THRESHOLD,,,,,,,,,,,,,,,,,,0.05,32,12,,,,,
weak_label_noise,,,,,,NO_VALID_THRESHOLD,,,,,,,,,,,,,,,,,,0.05,33,12,,,,,
weak_label_noise,,,,,,NO_VALID_THRESHOLD,,,,,,,,,,,,,,,,,,0.05,34,12,,,,,
weak_label_noise,,,,,,NO_VALID_THRESHOLD,,,,,,,,,,,,,,,,,,0.05,35,12,,,,,
weak_label_noise,,,,,,NO_VALID_THRESHOLD,,,,,,,,,,,,,,,,,,0.05,36,12,,,,,
weak_label_noise,,,,,,NO_VALID_THRESHOLD,,,,,,,,,,,,,,,,,,0.05,37,12,,,,,
weak_label_noise,,,,,,NO_VALID_THRESHOLD,,,,,,,,,,,,,,,,,,0.05,38,12,,,,,
weak_label_noise,,,,,,NO_VALID_THRESHOLD,,,,,,,,,,,,,,,,,,0.05,39,12,,,,,
weak_label_noise,,,,,,NO_VALID_THRESHOLD,,,,,,,,,,,,,,,,,,0.05,40,12,,,,,
weak_label_noise,,,,,,NO_VALID_THRESHOLD,,,,,,,,,,,,,,,,,,0.05,41,12,,,,,
weak_label_noise,,,,,,NO_VALID_THRESHOLD,,,,,,,,,,,,,,,,,,0.05,42,12,,,,,
weak_label_noise,,,,,,NO_VALID_THRESHOLD,,,,,,,,,,,,,,,,,,0.05,43,12,,,,,
weak_label_noise,,,,,,NO_VALID_THRESHOLD,,,,,,,,,,,,,,,,,,0.05,44,12,,,,,
weak_label_noise,,,,,,NO_VALID_THRESHOLD,,,,,,,,,,,,,,,,,,0.05,45,12,,,,,
weak_label_noise,,,,,,NO_VALID_THRESHOLD,,,,,,,,,,,,,,,,,,0.05,46,12,,,,,
weak_label_noise,,,,,,NO_VALID_THRESHOLD,,,,,,,,,,,,,,,,,,0.05,47,12,,,,,
weak_label_noise,,,,,,NO_VALID_THRESHOLD,,,,,,,,,,,,,,,,,,0.05,48,12,,,,,
weak_label_noise,,,,,,NO_VALID_THRESHOLD,,,,,,,,,,,,,,,,,,0.05,49,12,,,,,
weak_label_noise,,,,,,NO_VALID_THRESHOLD,,,,,,,,,,,,,,,,,,0.05,50,12,,,,,
weak_label_noise,,,,,,NO_VALID_THRESHOLD,,,,,,,,,,,,,,,,,,0.05,51,12,,,,,
weak_label_noise,,,,,,NO_VALID_THRESHOLD,,,,,,,,,,,,,,,,,,0.05,52,12,,,,,
weak_label_noise,,,,,,NO_VALID_THRESHOLD,,,,,,,,,,,,,,,,,,0.05,53,12,,,,,
weak_label_noise,,,,,,NO_VALID_THRESHOLD,,,,,,,,,,,,,,,,,,0.05,54,12,,,,,
weak_label_noise,,,,,,NO_VALID_THRESHOLD,,,,,,,,,,,,,,,,,,0.05,55,12,,,,,
weak_label_noise,,,,,,NO_VALID_THRESHOLD,,,,,,,,,,,,,,,,,,0.05,56,12,,,,,
weak_label_noise,,,,,,NO_VALID_THRESHOLD,,,,,,,,,,,,,,,,,,0.05,57,12,,,,,
weak_label_noise,,,,,,NO_VALID_THRESHOLD,,,,,,,,,,,,,,,,,,0.05,58,12,,,,,
weak_label_noise,,,,,,NO_VALID_THRESHOLD,,,,,,,,,,,,,,,,,,0.05,59,12,,,,,
weak_label_noise,,,,,,NO_VALID_THRESHOLD,,,,,,,,,,,,,,,,,,0.05,60,12,,,,,
weak_label_noise,,,,,,NO_VALID_THRESHOLD,,,,,,,,,,,,,,,,,,0.05,61,12,,,,,
weak_label_noise,,,,,,NO_VALID_THRESHOLD,,,,,,,,,,,,,,,,,,0.05,62,12,,,,,
weak_label_noise,,,,,,NO_VALID_THRESHOLD,,,,,,,,,,,,,,,,,,0.05,63,12,,,,,
weak_label_noise,,,,,,NO_VALID_THRESHOLD,,,,,,,,,,,,,,,,,,0.05,64,12,,,,,
weak_label_noise,,,,,,NO_VALID_THRESHOLD,,,,,,,,,,,,,,,,,,0.05,65,12,,,,,
weak_label_noise,,,,,,NO_VALID_THRESHOLD,,,,,,,,,,,,,,,,,,0.05,66,12,,,,,
weak_label_noise,,,,,,NO_VALID_THRESHOLD,,,,,,,,,,,,,,,,,,0.05,67,12,,,,,
weak_label_noise,,,,,,NO_VALID_THRESHOLD,,,,,,,,,,,,,,,,,,0.05,68,12,,,,,
weak_label_noise,,,,,,NO_VALID_THRESHOLD,,,,,,,,,,,,,,,,,,0.05,69,12,,,,,
weak_label_noise,,,,,,NO_VALID_THRESHOLD,,,,,,,,,,,,,,,,,,0.05,70,12,,,,,
weak_label_noise,,,,,,NO_VALID_THRESHOLD,,,,,,,,,,,,,,,,,,0.05,71,12,,,,,
weak_label_noise,,,,,,NO_VALID_THRESHOLD,,,,,,,,,,,,,,,,,,0.05,72,12,,,,,
weak_label_noise,,,,,,NO_VALID_THRESHOLD,,,,,,,,,,,,,,,,,,0.05,73,12,,,,,
weak_label_noise,,,,,,NO_VALID_THRESHOLD,,,,,,,,,,,,,,,,,,0.05,74,12,,,,,
weak_label_noise,,,,,,NO_VALID_THRESHOLD,,,,,,,,,,,,,,,,,,0.05,75,12,,,,,
weak_label_noise,,,,,,NO_VALID_THRESHOLD,,,,,,,,,,,,,,,,,,0.05,76,12,,,,,
weak_label_noise,,,,,,NO_VALID_THRESHOLD,,,,,,,,,,,,,,,,,,0.05,77,12,,,,,
weak_label_noise,,,,,,NO_VALID_THRESHOLD,,,,,,,,,,,,,,,,,,0.05,78,12,,,,,
weak_label_noise,,,,,,NO_VALID_THRESHOLD,,,,,,,,,,,,,,,,,,0.05,79,12,,,,,
weak_label_noise,,,,,,NO_VALID_THRESHOLD,,,,,,,,,,,,,,,,,,0.05,80,12,,,,,
weak_label_noise,,,,,,NO_VALID_THRESHOLD,,,,,,,,,,,,,,,,,,0.05,81,12,,,,,
weak_label_noise,,,,,,NO_VALID_THRESHOLD,,,,,,,,,,,,,,,,,,0.05,82,12,,,,,
weak_label_noise,,,,,,NO_VALID_THRESHOLD,,,,,,,,,,,,,,,,,,0.05,83,12,,,,,
weak_label_noise,,,,,,NO_VALID_THRESHOLD,,,,,,,,,,,,,,,,,,0.05,84,12,,,,,
weak_label_noise,,,,,,NO_VALID_THRESHOLD,,,,,,,,,,,,,,,,,,0.05,85,12,,,,,
weak_label_noise,,,,,,NO_VALID_THRESHOLD,,,,,,,,,,,,,,,,,,0.05,86,12,,,,,
weak_label_noise,,,,,,NO_VALID_THRESHOLD,,,,,,,,,,,,,,,,,,0.05,87,12,,,,,
weak_label_noise,,,,,,NO_VALID_THRESHOLD,,,,,,,,,,,,,,,,,,0.05,88,12,,,,,
weak_label_noise,,,,,,NO_VALID_THRESHOLD,,,,,,,,,,,,,,,,,,0.05,89,12,,,,,
weak_label_noise,,,,,,NO_VALID_THRESHOLD,,,,,,,,,,,,,,,,,,0.05,90,12,,,,,
weak_label_noise,,,,,,NO_VALID_THRESHOLD,,,,,,,,,,,,,,,,,,0.05,91,12,,,,,
weak_label_noise,,,,,,OK,,,,,,,,,,,,,,,,,,0.05,92,12,0.966,0.01680672268907563,0.559322033898305,0.7096774193548386,True
weak_label_noise,,,,,,NO_VALID_THRESHOLD,,,,,,,,,,,,,,,,,,0.05,93,12,,,,,
weak_label_noise,,,,,,NO_VALID_THRESHOLD,,,,,,,,,,,,,,,,,,0.05,94,12,,,,,
weak_label_noise,,,,,,NO_VALID_THRESHOLD,,,,,,,,,,,,,,,,,,0.05,95,12,,,,,
weak_label_noise,,,,,,NO_VALID_THRESHOLD,,,,,,,,,,,,,,,,,,0.05,96,12,,,,,
weak_label_noise,,,,,,NO_VALID_THRESHOLD,,,,,,,,,,,,,,,,,,0.05,97,12,,,,,
weak_label_noise,,,,,,NO_VALID_THRESHOLD,,,,,,,,,,,,,,,,,,0.05,98,12,,,,,
weak_label_noise,,,,,,NO_VALID_THRESHOLD,,,,,,,,,,,,,,,,,,0.05,99,12,,,,,
weak_label_noise,,,,,,NO_VALID_THRESHOLD,,,,,,,,,,,,,,,,,,0.05,100,12,,,,,
weak_label_noise,,,,,,NO_VALID_THRESHOLD,,,,,,,,,,,,,,,,,,0.05,101,12,,,,,
weak_label_noise,,,,,,NO_VALID_THRESHOLD,,,,,,,,,,,,,,,,,,0.05,102,12,,,,,
weak_label_noise,,,,,,NO_VALID_THRESHOLD,,,,,,,,,,,,,,,,,,0.05,103,12,,,,,
weak_label_noise,,,,,,NO_VALID_THRESHOLD,,,,,,,,,,,,,,,,,,0.05,104,12,,,,,
weak_label_noise,,,,,,NO_VALID_THRESHOLD,,,,,,,,,,,,,,,,,,0.05,105,12,,,,,
weak_label_noise,,,,,,NO_VALID_THRESHOLD,,,,,,,,,,,,,,,,,,0.05,106,12,,,,,
weak_label_noise,,,,,,NO_VALID_THRESHOLD,,,,,,,,,,,,,,,,,,0.05,107,12,,,,,
weak_label_noise,,,,,,NO_VALID_THRESHOLD,,,,,,,,,,,,,,,,,,0.05,108,12,,,,,
weak_label_noise,,,,,,NO_VALID_THRESHOLD,,,,,,,,,,,,,,,,,,0.05,109,12,,,,,
weak_label_noise,,,,,,NO_VALID_THRESHOLD,,,,,,,,,,,,,,,,,,0.05,110,12,,,,,
weak_label_noise,,,,,,NO_VALID_THRESHOLD,,,,,,,,,,,,,,,,,,0.05,111,12,,,,,
weak_label_noise,,,,,,NO_VALID_THRESHOLD,,,,,,,,,,,,,,,,,,0.05,112,12,,,,,
weak_label_noise,,,,,,NO_VALID_THRESHOLD,,,,,,,,,,,,,,,,,,0.05,113,12,,,,,
weak_label_noise,,,,,,NO_VALID_THRESHOLD,,,,,,,,,,,,,,,,,,0.05,114,12,,,,,
weak_label_noise,,,,,,NO_VALID_THRESHOLD,,,,,,,,,,,,,,,,,,0.05,115,12,,,,,
weak_label_noise,,,,,,NO_VALID_THRESHOLD,,,,,,,,,,,,,,,,,,0.05,116,12,,,,,
weak_label_noise,,,,,,NO_VALID_THRESHOLD,,,,,,,,,,,,,,,,,,0.05,117,12,,,,,
weak_label_noise,,,,,,NO_VALID_THRESHOLD,,,,,,,,,,,,,,,,,,0.05,118,12,,,,,
weak_label_noise,,,,,,NO_VALID_THRESHOLD,,,,,,,,,,,,,,,,,,0.05,119,12,,,,,
weak_label_noise,,,,,,NO_VALID_THRESHOLD,,,,,,,,,,,,,,,,,,0.05,120,12,,,,,
weak_label_noise,,,,,,NO_VALID_THRESHOLD,,,,,,,,,,,,,,,,,,0.05,121,12,,,,,
weak_label_noise,,,,,,NO_VALID_THRESHOLD,,,,,,,,,,,,,,,,,,0.05,122,12,,,,,
weak_label_noise,,,,,,NO_VALID_THRESHOLD,,,,,,,,,,,,,,,,,,0.05,123,12,,,,,
weak_label_noise,,,,,,NO_VALID_THRESHOLD,,,,,,,,,,,,,,,,,,0.05,124,12,,,,,
weak_label_noise,,,,,,NO_VALID_THRESHOLD,,,,,,,,,,,,,,,,,,0.05,125,12,,,,,
weak_label_noise,,,,,,NO_VALID_THRESHOLD,,,,,,,,,,,,,,,,,,0.05,126,12,,,,,
weak_label_noise,,,,,,NO_VALID_THRESHOLD,,,,,,,,,,,,,,,,,,0.05,127,12,,,,,
weak_label_noise,,,,,,NO_VALID_THRESHOLD,,,,,,,,,,,,,,,,,,0.05,128,12,,,,,
weak_label_noise,,,,,,NO_VALID_THRESHOLD,,,,,,,,,,,,,,,,,,0.05,129,12,,,,,
weak_label_noise,,,,,,NO_VALID_THRESHOLD,,,,,,,,,,,,,,,,,,0.05,130,12,,,,,
weak_label_noise,,,,,,NO_VALID_THRESHOLD,,,,,,,,,,,,,,,,,,0.05,131,12,,,,,
weak_label_noise,,,,,,NO_VALID_THRESHOLD,,,,,,,,,,,,,,,,,,0.05,132,12,,,,,
weak_label_noise,,,,,,NO_VALID_THRESHOLD,,,,,,,,,,,,,,,,,,0.05,133,12,,,,,
weak_label_noise,,,,,,NO_VALID_THRESHOLD,,,,,,,,,,,,,,,,,,0.05,134,12,,,,,
weak_label_noise,,,,,,NO_VALID_THRESHOLD,,,,,,,,,,,,,,,,,,0.05,135,12,,,,,
weak_label_noise,,,,,,NO_VALID_THRESHOLD,,,,,,,,,,,,,,,,,,0.05,136,12,,,,,
weak_label_noise,,,,,,NO_VALID_THRESHOLD,,,,,,,,,,,,,,,,,,0.05,137,12,,,,,
weak_label_noise,,,,,,NO_VALID_THRESHOLD,,,,,,,,,,,,,,,,,,0.05,138,12,,,,,
weak_label_noise,,,,,,NO_VALID_THRESHOLD,,,,,,,,,,,,,,,,,,0.05,139,12,,,,,
weak_label_noise,,,,,,NO_VALID_THRESHOLD,,,,,,,,,,,,,,,,,,0.05,140,12,,,,,
weak_label_noise,,,,,,NO_VALID_THRESHOLD,,,,,,,,,,,,,,,,,,0.05,141,12,,,,,
weak_label_noise,,,,,,NO_VALID_THRESHOLD,,,,,,,,,,,,,,,,,,0.05,142,12,,,,,
weak_label_noise,,,,,,NO_VALID_THRESHOLD,,,,,,,,,,,,,,,,,,0.05,143,12,,,,,
weak_label_noise,,,,,,NO_VALID_THRESHOLD,,,,,,,,,,,,,,,,,,0.05,144,12,,,,,
weak_label_noise,,,,,,NO_VALID_THRESHOLD,,,,,,,,,,,,,,,,,,0.05,145,12,,,,,
weak_label_noise,,,,,,NO_VALID_THRESHOLD,,,,,,,,,,,,,,,,,,0.05,146,12,,,,,
weak_label_noise,,,,,,NO_VALID_THRESHOLD,,,,,,,,,,,,,,,,,,0.05,147,12,,,,,
weak_label_noise,,,,,,NO_VALID_THRESHOLD,,,,,,,,,,,,,,,,,,0.05,148,12,,,,,
weak_label_noise,,,,,,NO_VALID_THRESHOLD,,,,,,,,,,,,,,,,,,0.05,149,12,,,,,
weak_label_noise,,,,,,NO_VALID_THRESHOLD,,,,,,,,,,,,,,,,,,0.05,150,12,,,,,
weak_label_noise,,,,,,NO_VALID_THRESHOLD,,,,,,,,,,,,,,,,,,0.05,151,12,,,,,
weak_label_noise,,,,,,NO_VALID_THRESHOLD,,,,,,,,,,,,,,,,,,0.05,152,12,,,,,
weak_label_noise,,,,,,NO_VALID_THRESHOLD,,,,,,,,,,,,,,,,,,0.05,153,12,,,,,
weak_label_noise,,,,,,NO_VALID_THRESHOLD,,,,,,,,,,,,,,,,,,0.05,154,12,,,,,
weak_label_noise,,,,,,NO_VALID_THRESHOLD,,,,,,,,,,,,,,,,,,0.05,155,12,,,,,
weak_label_noise,,,,,,NO_VALID_THRESHOLD,,,,,,,,,,,,,,,,,,0.05,156,12,,,,,
weak_label_noise,,,,,,NO_VALID_THRESHOLD,,,,,,,,,,,,,,,,,,0.05,157,12,,,,,
weak_label_noise,,,,,,NO_VALID_THRESHOLD,,,,,,,,,,,,,,,,,,0.05,158,12,,,,,
weak_label_noise,,,,,,NO_VALID_THRESHOLD,,,,,,,,,,,,,,,,,,0.05,159,12,,,,,
weak_label_noise,,,,,,NO_VALID_THRESHOLD,,,,,,,,,,,,,,,,,,0.05,160,12,,,,,
weak_label_noise,,,,,,NO_VALID_THRESHOLD,,,,,,,,,,,,,,,,,,0.05,161,12,,,,,
weak_label_noise,,,,,,NO_VALID_THRESHOLD,,,,,,,,,,,,,,,,,,0.05,162,12,,,,,
weak_label_noise,,,,,,NO_VALID_THRESHOLD,,,,,,,,,,,,,,,,,,0.05,163,12,,,,,
weak_label_noise,,,,,,NO_VALID_THRESHOLD,,,,,,,,,,,,,,,,,,0.05,164,12,,,,,
weak_label_noise,,,,,,NO_VALID_THRESHOLD,,,,,,,,,,,,,,,,,,0.05,165,12,,,,,
weak_label_noise,,,,,,NO_VALID_THRESHOLD,,,,,,,,,,,,,,,,,,0.05,166,12,,,,,
weak_label_noise,,,,,,NO_VALID_THRESHOLD,,,,,,,,,,,,,,,,,,0.05,167,12,,,,,
weak_label_noise,,,,,,NO_VALID_THRESHOLD,,,,,,,,,,,,,,,,,,0.05,168,12,,,,,
weak_label_noise,,,,,,NO_VALID_THRESHOLD,,,,,,,,,,,,,,,,,,0.05,169,12,,,,,
weak_label_noise,,,,,,NO_VALID_THRESHOLD,,,,,,,,,,,,,,,,,,0.05,170,12,,,,,
weak_label_noise,,,,,,NO_VALID_THRESHOLD,,,,,,,,,,,,,,,,,,0.05,171,12,,,,,
weak_label_noise,,,,,,NO_VALID_THRESHOLD,,,,,,,,,,,,,,,,,,0.05,172,12,,,,,
weak_label_noise,,,,,,NO_VALID_THRESHOLD,,,,,,,,,,,,,,,,,,0.05,173,12,,,,,
weak_label_noise,,,,,,NO_VALID_THRESHOLD,,,,,,,,,,,,,,,,,,0.05,174,12,,,,,
weak_label_noise,,,,,,NO_VALID_THRESHOLD,,,,,,,,,,,,,,,,,,0.05,175,12,,,,,
weak_label_noise,,,,,,NO_VALID_THRESHOLD,,,,,,,,,,,,,,,,,,0.05,176,12,,,,,
weak_label_noise,,,,,,NO_VALID_THRESHOLD,,,,,,,,,,,,,,,,,,0.05,177,12,,,,,
weak_label_noise,,,,,,NO_VALID_THRESHOLD,,,,,,,,,,,,,,,,,,0.05,178,12,,,,,
weak_label_noise,,,,,,NO_VALID_THRESHOLD,,,,,,,,,,,,,,,,,,0.05,179,12,,,,,
weak_label_noise,,,,,,NO_VALID_THRESHOLD,,,,,,,,,,,,,,,,,,0.05,180,12,,,,,
weak_label_noise,,,,,,NO_VALID_THRESHOLD,,,,,,,,,,,,,,,,,,0.05,181,12,,,,,
weak_label_noise,,,,,,NO_VALID_THRESHOLD,,,,,,,,,,,,,,,,,,0.05,182,12,,,,,
weak_label_noise,,,,,,NO_VALID_THRESHOLD,,,,,,,,,,,,,,,,,,0.05,183,12,,,,,
weak_label_noise,,,,,,NO_VALID_THRESHOLD,,,,,,,,,,,,,,,,,,0.05,184,12,,,,,
weak_label_noise,,,,,,NO_VALID_THRESHOLD,,,,,,,,,,,,,,,,,,0.05,185,12,,,,,
weak_label_noise,,,,,,NO_VALID_THRESHOLD,,,,,,,,,,,,,,,,,,0.05,186,12,,,,,
weak_label_noise,,,,,,NO_VALID_THRESHOLD,,,,,,,,,,,,,,,,,,0.05,187,12,,,,,
weak_label_noise,,,,,,NO_VALID_THRESHOLD,,,,,,,,,,,,,,,,,,0.05,188,12,,,,,
weak_label_noise,,,,,,NO_VALID_THRESHOLD,,,,,,,,,,,,,,,,,,0.05,189,12,,,,,
weak_label_noise,,,,,,NO_VALID_THRESHOLD,,,,,,,,,,,,,,,,,,0.05,190,12,,,,,
weak_label_noise,,,,,,NO_VALID_THRESHOLD,,,,,,,,,,,,,,,,,,0.05,191,12,,,,,
weak_label_noise,,,,,,NO_VALID_THRESHOLD,,,,,,,,,,,,,,,,,,0.05,192,12,,,,,
weak_label_noise,,,,,,NO_VALID_THRESHOLD,,,,,,,,,,,,,,,,,,0.05,193,12,,,,,
weak_label_noise,,,,,,NO_VALID_THRESHOLD,,,,,,,,,,,,,,,,,,0.05,194,12,,,,,
weak_label_noise,,,,,,NO_VALID_THRESHOLD,,,,,,,,,,,,,,,,,,0.05,195,12,,,,,
weak_label_noise,,,,,,NO_VALID_THRESHOLD,,,,,,,,,,,,,,,,,,0.05,196,12,,,,,
weak_label_noise,,,,,,NO_VALID_THRESHOLD,,,,,,,,,,,,,,,,,,0.05,197,12,,,,,
weak_label_noise,,,,,,NO_VALID_THRESHOLD,,,,,,,,,,,,,,,,,,0.05,198,12,,,,,
weak_label_noise,,,,,,NO_VALID_THRESHOLD,,,,,,,,,,,,,,,,,,0.05,199,12,,,,,
weak_label_noise,,,,,,NO_VALID_THRESHOLD,,,,,,,,,,,,,,,,,,0.05,200,12,,,,,
weak_label_noise,,,,,,NO_VALID_THRESHOLD,,,,,,,,,,,,,,,,,,0.1,1,24,,,,,
weak_label_noise,,,,,,NO_VALID_THRESHOLD,,,,,,,,,,,,,,,,,,0.1,2,24,,,,,
weak_label_noise,,,,,,NO_VALID_THRESHOLD,,,,,,,,,,,,,,,,,,0.1,3,24,,,,,
weak_label_noise,,,,,,NO_VALID_THRESHOLD,,,,,,,,,,,,,,,,,,0.1,4,24,,,,,
weak_label_noise,,,,,,NO_VALID_THRESHOLD,,,,,,,,,,,,,,,,,,0.1,5,24,,,,,
weak_label_noise,,,,,,NO_VALID_THRESHOLD,,,,,,,,,,,,,,,,,,0.1,6,24,,,,,
weak_label_noise,,,,,,NO_VALID_THRESHOLD,,,,,,,,,,,,,,,,,,0.1,7,24,,,,,
weak_label_noise,,,,,,NO_VALID_THRESHOLD,,,,,,,,,,,,,,,,,,0.1,8,24,,,,,
weak_label_noise,,,,,,NO_VALID_THRESHOLD,,,,,,,,,,,,,,,,,,0.1,9,24,,,,,
weak_label_noise,,,,,,NO_VALID_THRESHOLD,,,,,,,,,,,,,,,,,,0.1,10,24,,,,,
weak_label_noise,,,,,,NO_VALID_THRESHOLD,,,,,,,,,,,,,,,,,,0.1,11,24,,,,,
weak_label_noise,,,,,,NO_VALID_THRESHOLD,,,,,,,,,,,,,,,,,,0.1,12,24,,,,,
weak_label_noise,,,,,,NO_VALID_THRESHOLD,,,,,,,,,,,,,,,,,,0.1,13,24,,,,,
weak_label_noise,,,,,,NO_VALID_THRESHOLD,,,,,,,,,,,,,,,,,,0.1,14,24,,,,,
weak_label_noise,,,,,,NO_VALID_THRESHOLD,,,,,,,,,,,,,,,,,,0.1,15,24,,,,,
weak_label_noise,,,,,,NO_VALID_THRESHOLD,,,,,,,,,,,,,,,,,,0.1,16,24,,,,,
weak_label_noise,,,,,,NO_VALID_THRESHOLD,,,,,,,,,,,,,,,,,,0.1,17,24,,,,,
weak_label_noise,,,,,,NO_VALID_THRESHOLD,,,,,,,,,,,,,,,,,,0.1,18,24,,,,,
weak_label_noise,,,,,,NO_VALID_THRESHOLD,,,,,,,,,,,,,,,,,,0.1,19,24,,,,,
weak_label_noise,,,,,,NO_VALID_THRESHOLD,,,,,,,,,,,,,,,,,,0.1,20,24,,,,,
weak_label_noise,,,,,,NO_VALID_THRESHOLD,,,,,,,,,,,,,,,,,,0.1,21,24,,,,,
weak_label_noise,,,,,,NO_VALID_THRESHOLD,,,,,,,,,,,,,,,,,,0.1,22,24,,,,,
weak_label_noise,,,,,,NO_VALID_THRESHOLD,,,,,,,,,,,,,,,,,,0.1,23,24,,,,,
weak_label_noise,,,,,,NO_VALID_THRESHOLD,,,,,,,,,,,,,,,,,,0.1,24,24,,,,,
weak_label_noise,,,,,,NO_VALID_THRESHOLD,,,,,,,,,,,,,,,,,,0.1,25,24,,,,,
weak_label_noise,,,,,,NO_VALID_THRESHOLD,,,,,,,,,,,,,,,,,,0.1,26,24,,,,,
weak_label_noise,,,,,,NO_VALID_THRESHOLD,,,,,,,,,,,,,,,,,,0.1,27,24,,,,,
weak_label_noise,,,,,,NO_VALID_THRESHOLD,,,,,,,,,,,,,,,,,,0.1,28,24,,,,,
weak_label_noise,,,,,,NO_VALID_THRESHOLD,,,,,,,,,,,,,,,,,,0.1,29,24,,,,,
weak_label_noise,,,,,,NO_VALID_THRESHOLD,,,,,,,,,,,,,,,,,,0.1,30,24,,,,,
weak_label_noise,,,,,,NO_VALID_THRESHOLD,,,,,,,,,,,,,,,,,,0.1,31,24,,,,,
weak_label_noise,,,,,,NO_VALID_THRESHOLD,,,,,,,,,,,,,,,,,,0.1,32,24,,,,,
weak_label_noise,,,,,,NO_VALID_THRESHOLD,,,,,,,,,,,,,,,,,,0.1,33,24,,,,,
weak_label_noise,,,,,,NO_VALID_THRESHOLD,,,,,,,,,,,,,,,,,,0.1,34,24,,,,,
weak_label_noise,,,,,,NO_VALID_THRESHOLD,,,,,,,,,,,,,,,,,,0.1,35,24,,,,,
weak_label_noise,,,,,,NO_VALID_THRESHOLD,,,,,,,,,,,,,,,,,,0.1,36,24,,,,,
weak_label_noise,,,,,,NO_VALID_THRESHOLD,,,,,,,,,,,,,,,,,,0.1,37,24,,,,,
weak_label_noise,,,,,,NO_VALID_THRESHOLD,,,,,,,,,,,,,,,,,,0.1,38,24,,,,,
weak_label_noise,,,,,,NO_VALID_THRESHOLD,,,,,,,,,,,,,,,,,,0.1,39,24,,,,,
weak_label_noise,,,,,,NO_VALID_THRESHOLD,,,,,,,,,,,,,,,,,,0.1,40,24,,,,,
weak_label_noise,,,,,,NO_VALID_THRESHOLD,,,,,,,,,,,,,,,,,,0.1,41,24,,,,,
weak_label_noise,,,,,,NO_VALID_THRESHOLD,,,,,,,,,,,,,,,,,,0.1,42,24,,,,,
weak_label_noise,,,,,,NO_VALID_THRESHOLD,,,,,,,,,,,,,,,,,,0.1,43,24,,,,,
weak_label_noise,,,,,,NO_VALID_THRESHOLD,,,,,,,,,,,,,,,,,,0.1,44,24,,,,,
weak_label_noise,,,,,,NO_VALID_THRESHOLD,,,,,,,,,,,,,,,,,,0.1,45,24,,,,,
weak_label_noise,,,,,,NO_VALID_THRESHOLD,,,,,,,,,,,,,,,,,,0.1,46,24,,,,,
weak_label_noise,,,,,,NO_VALID_THRESHOLD,,,,,,,,,,,,,,,,,,0.1,47,24,,,,,
weak_label_noise,,,,,,NO_VALID_THRESHOLD,,,,,,,,,,,,,,,,,,0.1,48,24,,,,,
weak_label_noise,,,,,,NO_VALID_THRESHOLD,,,,,,,,,,,,,,,,,,0.1,49,24,,,,,
weak_label_noise,,,,,,NO_VALID_THRESHOLD,,,,,,,,,,,,,,,,,,0.1,50,24,,,,,
weak_label_noise,,,,,,NO_VALID_THRESHOLD,,,,,,,,,,,,,,,,,,0.1,51,24,,,,,
weak_label_noise,,,,,,NO_VALID_THRESHOLD,,,,,,,,,,,,,,,,,,0.1,52,24,,,,,
weak_label_noise,,,,,,NO_VALID_THRESHOLD,,,,,,,,,,,,,,,,,,0.1,53,24,,,,,
weak_label_noise,,,,,,NO_VALID_THRESHOLD,,,,,,,,,,,,,,,,,,0.1,54,24,,,,,
weak_label_noise,,,,,,NO_VALID_THRESHOLD,,,,,,,,,,,,,,,,,,0.1,55,24,,,,,
weak_label_noise,,,,,,NO_VALID_THRESHOLD,,,,,,,,,,,,,,,,,,0.1,56,24,,,,,
weak_label_noise,,,,,,NO_VALID_THRESHOLD,,,,,,,,,,,,,,,,,,0.1,57,24,,,,,
weak_label_noise,,,,,,NO_VALID_THRESHOLD,,,,,,,,,,,,,,,,,,0.1,58,24,,,,,
weak_label_noise,,,,,,NO_VALID_THRESHOLD,,,,,,,,,,,,,,,,,,0.1,59,24,,,,,
weak_label_noise,,,,,,NO_VALID_THRESHOLD,,,,,,,,,,,,,,,,,,0.1,60,24,,,,,
weak_label_noise,,,,,,NO_VALID_THRESHOLD,,,,,,,,,,,,,,,,,,0.1,61,24,,,,,
weak_label_noise,,,,,,NO_VALID_THRESHOLD,,,,,,,,,,,,,,,,,,0.1,62,24,,,,,
weak_label_noise,,,,,,NO_VALID_THRESHOLD,,,,,,,,,,,,,,,,,,0.1,63,24,,,,,
weak_label_noise,,,,,,NO_VALID_THRESHOLD,,,,,,,,,,,,,,,,,,0.1,64,24,,,,,
weak_label_noise,,,,,,NO_VALID_THRESHOLD,,,,,,,,,,,,,,,,,,0.1,65,24,,,,,
weak_label_noise,,,,,,NO_VALID_THRESHOLD,,,,,,,,,,,,,,,,,,0.1,66,24,,,,,
weak_label_noise,,,,,,NO_VALID_THRESHOLD,,,,,,,,,,,,,,,,,,0.1,67,24,,,,,
weak_label_noise,,,,,,NO_VALID_THRESHOLD,,,,,,,,,,,,,,,,,,0.1,68,24,,,,,
weak_label_noise,,,,,,NO_VALID_THRESHOLD,,,,,,,,,,,,,,,,,,0.1,69,24,,,,,
weak_label_noise,,,,,,NO_VALID_THRESHOLD,,,,,,,,,,,,,,,,,,0.1,70,24,,,,,
weak_label_noise,,,,,,NO_VALID_THRESHOLD,,,,,,,,,,,,,,,,,,0.1,71,24,,,,,
weak_label_noise,,,,,,NO_VALID_THRESHOLD,,,,,,,,,,,,,,,,,,0.1,72,24,,,,,
weak_label_noise,,,,,,NO_VALID_THRESHOLD,,,,,,,,,,,,,,,,,,0.1,73,24,,,,,
weak_label_noise,,,,,,NO_VALID_THRESHOLD,,,,,,,,,,,,,,,,,,0.1,74,24,,,,,
weak_label_noise,,,,,,NO_VALID_THRESHOLD,,,,,,,,,,,,,,,,,,0.1,75,24,,,,,
weak_label_noise,,,,,,NO_VALID_THRESHOLD,,,,,,,,,,,,,,,,,,0.1,76,24,,,,,
weak_label_noise,,,,,,NO_VALID_THRESHOLD,,,,,,,,,,,,,,,,,,0.1,77,24,,,,,
weak_label_noise,,,,,,NO_VALID_THRESHOLD,,,,,,,,,,,,,,,,,,0.1,78,24,,,,,
weak_label_noise,,,,,,NO_VALID_THRESHOLD,,,,,,,,,,,,,,,,,,0.1,79,24,,,,,
weak_label_noise,,,,,,NO_VALID_THRESHOLD,,,,,,,,,,,,,,,,,,0.1,80,24,,,,,
weak_label_noise,,,,,,NO_VALID_THRESHOLD,,,,,,,,,,,,,,,,,,0.1,81,24,,,,,
weak_label_noise,,,,,,NO_VALID_THRESHOLD,,,,,,,,,,,,,,,,,,0.1,82,24,,,,,
weak_label_noise,,,,,,NO_VALID_THRESHOLD,,,,,,,,,,,,,,,,,,0.1,83,24,,,,,
weak_label_noise,,,,,,NO_VALID_THRESHOLD,,,,,,,,,,,,,,,,,,0.1,84,24,,,,,
weak_label_noise,,,,,,NO_VALID_THRESHOLD,,,,,,,,,,,,,,,,,,0.1,85,24,,,,,
weak_label_noise,,,,,,NO_VALID_THRESHOLD,,,,,,,,,,,,,,,,,,0.1,86,24,,,,,
weak_label_noise,,,,,,NO_VALID_THRESHOLD,,,,,,,,,,,,,,,,,,0.1,87,24,,,,,
weak_label_noise,,,,,,NO_VALID_THRESHOLD,,,,,,,,,,,,,,,,,,0.1,88,24,,,,,
weak_label_noise,,,,,,NO_VALID_THRESHOLD,,,,,,,,,,,,,,,,,,0.1,89,24,,,,,
weak_label_noise,,,,,,NO_VALID_THRESHOLD,,,,,,,,,,,,,,,,,,0.1,90,24,,,,,
weak_label_noise,,,,,,NO_VALID_THRESHOLD,,,,,,,,,,,,,,,,,,0.1,91,24,,,,,
weak_label_noise,,,,,,NO_VALID_THRESHOLD,,,,,,,,,,,,,,,,,,0.1,92,24,,,,,
weak_label_noise,,,,,,NO_VALID_THRESHOLD,,,,,,,,,,,,,,,,,,0.1,93,24,,,,,
weak_label_noise,,,,,,NO_VALID_THRESHOLD,,,,,,,,,,,,,,,,,,0.1,94,24,,,,,
weak_label_noise,,,,,,NO_VALID_THRESHOLD,,,,,,,,,,,,,,,,,,0.1,95,24,,,,,
weak_label_noise,,,,,,NO_VALID_THRESHOLD,,,,,,,,,,,,,,,,,,0.1,96,24,,,,,
weak_label_noise,,,,,,NO_VALID_THRESHOLD,,,,,,,,,,,,,,,,,,0.1,97,24,,,,,
weak_label_noise,,,,,,NO_VALID_THRESHOLD,,,,,,,,,,,,,,,,,,0.1,98,24,,,,,
weak_label_noise,,,,,,NO_VALID_THRESHOLD,,,,,,,,,,,,,,,,,,0.1,99,24,,,,,
weak_label_noise,,,,,,NO_VALID_THRESHOLD,,,,,,,,,,,,,,,,,,0.1,100,24,,,,,
weak_label_noise,,,,,,NO_VALID_THRESHOLD,,,,,,,,,,,,,,,,,,0.1,101,24,,,,,
weak_label_noise,,,,,,NO_VALID_THRESHOLD,,,,,,,,,,,,,,,,,,0.1,102,24,,,,,
weak_label_noise,,,,,,NO_VALID_THRESHOLD,,,,,,,,,,,,,,,,,,0.1,103,24,,,,,
weak_label_noise,,,,,,NO_VALID_THRESHOLD,,,,,,,,,,,,,,,,,,0.1,104,24,,,,,
weak_label_noise,,,,,,NO_VALID_THRESHOLD,,,,,,,,,,,,,,,,,,0.1,105,24,,,,,
weak_label_noise,,,,,,NO_VALID_THRESHOLD,,,,,,,,,,,,,,,,,,0.1,106,24,,,,,
weak_label_noise,,,,,,NO_VALID_THRESHOLD,,,,,,,,,,,,,,,,,,0.1,107,24,,,,,
weak_label_noise,,,,,,NO_VALID_THRESHOLD,,,,,,,,,,,,,,,,,,0.1,108,24,,,,,
weak_label_noise,,,,,,NO_VALID_THRESHOLD,,,,,,,,,,,,,,,,,,0.1,109,24,,,,,
weak_label_noise,,,,,,NO_VALID_THRESHOLD,,,,,,,,,,,,,,,,,,0.1,110,24,,,,,
weak_label_noise,,,,,,NO_VALID_THRESHOLD,,,,,,,,,,,,,,,,,,0.1,111,24,,,,,
weak_label_noise,,,,,,NO_VALID_THRESHOLD,,,,,,,,,,,,,,,,,,0.1,112,24,,,,,
weak_label_noise,,,,,,NO_VALID_THRESHOLD,,,,,,,,,,,,,,,,,,0.1,113,24,,,,,
weak_label_noise,,,,,,NO_VALID_THRESHOLD,,,,,,,,,,,,,,,,,,0.1,114,24,,,,,
weak_label_noise,,,,,,NO_VALID_THRESHOLD,,,,,,,,,,,,,,,,,,0.1,115,24,,,,,
weak_label_noise,,,,,,NO_VALID_THRESHOLD,,,,,,,,,,,,,,,,,,0.1,116,24,,,,,
weak_label_noise,,,,,,NO_VALID_THRESHOLD,,,,,,,,,,,,,,,,,,0.1,117,24,,,,,
weak_label_noise,,,,,,NO_VALID_THRESHOLD,,,,,,,,,,,,,,,,,,0.1,118,24,,,,,
weak_label_noise,,,,,,NO_VALID_THRESHOLD,,,,,,,,,,,,,,,,,,0.1,119,24,,,,,
weak_label_noise,,,,,,NO_VALID_THRESHOLD,,,,,,,,,,,,,,,,,,0.1,120,24,,,,,
weak_label_noise,,,,,,NO_VALID_THRESHOLD,,,,,,,,,,,,,,,,,,0.1,121,24,,,,,
weak_label_noise,,,,,,NO_VALID_THRESHOLD,,,,,,,,,,,,,,,,,,0.1,122,24,,,,,
weak_label_noise,,,,,,NO_VALID_THRESHOLD,,,,,,,,,,,,,,,,,,0.1,123,24,,,,,
weak_label_noise,,,,,,NO_VALID_THRESHOLD,,,,,,,,,,,,,,,,,,0.1,124,24,,,,,
weak_label_noise,,,,,,NO_VALID_THRESHOLD,,,,,,,,,,,,,,,,,,0.1,125,24,,,,,
weak_label_noise,,,,,,NO_VALID_THRESHOLD,,,,,,,,,,,,,,,,,,0.1,126,24,,,,,
weak_label_noise,,,,,,NO_VALID_THRESHOLD,,,,,,,,,,,,,,,,,,0.1,127,24,,,,,
weak_label_noise,,,,,,NO_VALID_THRESHOLD,,,,,,,,,,,,,,,,,,0.1,128,24,,,,,
weak_label_noise,,,,,,NO_VALID_THRESHOLD,,,,,,,,,,,,,,,,,,0.1,129,24,,,,,
weak_label_noise,,,,,,NO_VALID_THRESHOLD,,,,,,,,,,,,,,,,,,0.1,130,24,,,,,
weak_label_noise,,,,,,NO_VALID_THRESHOLD,,,,,,,,,,,,,,,,,,0.1,131,24,,,,,
weak_label_noise,,,,,,NO_VALID_THRESHOLD,,,,,,,,,,,,,,,,,,0.1,132,24,,,,,
weak_label_noise,,,,,,NO_VALID_THRESHOLD,,,,,,,,,,,,,,,,,,0.1,133,24,,,,,
weak_label_noise,,,,,,NO_VALID_THRESHOLD,,,,,,,,,,,,,,,,,,0.1,134,24,,,,,
weak_label_noise,,,,,,NO_VALID_THRESHOLD,,,,,,,,,,,,,,,,,,0.1,135,24,,,,,
weak_label_noise,,,,,,NO_VALID_THRESHOLD,,,,,,,,,,,,,,,,,,0.1,136,24,,,,,
weak_label_noise,,,,,,NO_VALID_THRESHOLD,,,,,,,,,,,,,,,,,,0.1,137,24,,,,,
weak_label_noise,,,,,,NO_VALID_THRESHOLD,,,,,,,,,,,,,,,,,,0.1,138,24,,,,,
weak_label_noise,,,,,,NO_VALID_THRESHOLD,,,,,,,,,,,,,,,,,,0.1,139,24,,,,,
weak_label_noise,,,,,,NO_VALID_THRESHOLD,,,,,,,,,,,,,,,,,,0.1,140,24,,,,,
weak_label_noise,,,,,,NO_VALID_THRESHOLD,,,,,,,,,,,,,,,,,,0.1,141,24,,,,,
weak_label_noise,,,,,,NO_VALID_THRESHOLD,,,,,,,,,,,,,,,,,,0.1,142,24,,,,,
weak_label_noise,,,,,,NO_VALID_THRESHOLD,,,,,,,,,,,,,,,,,,0.1,143,24,,,,,
weak_label_noise,,,,,,NO_VALID_THRESHOLD,,,,,,,,,,,,,,,,,,0.1,144,24,,,,,
weak_label_noise,,,,,,NO_VALID_THRESHOLD,,,,,,,,,,,,,,,,,,0.1,145,24,,,,,
weak_label_noise,,,,,,NO_VALID_THRESHOLD,,,,,,,,,,,,,,,,,,0.1,146,24,,,,,
weak_label_noise,,,,,,NO_VALID_THRESHOLD,,,,,,,,,,,,,,,,,,0.1,147,24,,,,,
weak_label_noise,,,,,,NO_VALID_THRESHOLD,,,,,,,,,,,,,,,,,,0.1,148,24,,,,,
weak_label_noise,,,,,,NO_VALID_THRESHOLD,,,,,,,,,,,,,,,,,,0.1,149,24,,,,,
weak_label_noise,,,,,,NO_VALID_THRESHOLD,,,,,,,,,,,,,,,,,,0.1,150,24,,,,,
weak_label_noise,,,,,,NO_VALID_THRESHOLD,,,,,,,,,,,,,,,,,,0.1,151,24,,,,,
weak_label_noise,,,,,,NO_VALID_THRESHOLD,,,,,,,,,,,,,,,,,,0.1,152,24,,,,,
weak_label_noise,,,,,,NO_VALID_THRESHOLD,,,,,,,,,,,,,,,,,,0.1,153,24,,,,,
weak_label_noise,,,,,,NO_VALID_THRESHOLD,,,,,,,,,,,,,,,,,,0.1,154,24,,,,,
weak_label_noise,,,,,,NO_VALID_THRESHOLD,,,,,,,,,,,,,,,,,,0.1,155,24,,,,,
weak_label_noise,,,,,,NO_VALID_THRESHOLD,,,,,,,,,,,,,,,,,,0.1,156,24,,,,,
weak_label_noise,,,,,,NO_VALID_THRESHOLD,,,,,,,,,,,,,,,,,,0.1,157,24,,,,,
weak_label_noise,,,,,,NO_VALID_THRESHOLD,,,,,,,,,,,,,,,,,,0.1,158,24,,,,,
weak_label_noise,,,,,,NO_VALID_THRESHOLD,,,,,,,,,,,,,,,,,,0.1,159,24,,,,,
weak_label_noise,,,,,,NO_VALID_THRESHOLD,,,,,,,,,,,,,,,,,,0.1,160,24,,,,,
weak_label_noise,,,,,,NO_VALID_THRESHOLD,,,,,,,,,,,,,,,,,,0.1,161,24,,,,,
weak_label_noise,,,,,,NO_VALID_THRESHOLD,,,,,,,,,,,,,,,,,,0.1,162,24,,,,,
weak_label_noise,,,,,,NO_VALID_THRESHOLD,,,,,,,,,,,,,,,,,,0.1,163,24,,,,,
weak_label_noise,,,,,,NO_VALID_THRESHOLD,,,,,,,,,,,,,,,,,,0.1,164,24,,,,,
weak_label_noise,,,,,,NO_VALID_THRESHOLD,,,,,,,,,,,,,,,,,,0.1,165,24,,,,,
weak_label_noise,,,,,,NO_VALID_THRESHOLD,,,,,,,,,,,,,,,,,,0.1,166,24,,,,,
weak_label_noise,,,,,,NO_VALID_THRESHOLD,,,,,,,,,,,,,,,,,,0.1,167,24,,,,,
weak_label_noise,,,,,,NO_VALID_THRESHOLD,,,,,,,,,,,,,,,,,,0.1,168,24,,,,,
weak_label_noise,,,,,,NO_VALID_THRESHOLD,,,,,,,,,,,,,,,,,,0.1,169,24,,,,,
weak_label_noise,,,,,,NO_VALID_THRESHOLD,,,,,,,,,,,,,,,,,,0.1,170,24,,,,,
weak_label_noise,,,,,,NO_VALID_THRESHOLD,,,,,,,,,,,,,,,,,,0.1,171,24,,,,,
weak_label_noise,,,,,,NO_VALID_THRESHOLD,,,,,,,,,,,,,,,,,,0.1,172,24,,,,,
weak_label_noise,,,,,,NO_VALID_THRESHOLD,,,,,,,,,,,,,,,,,,0.1,173,24,,,,,
weak_label_noise,,,,,,NO_VALID_THRESHOLD,,,,,,,,,,,,,,,,,,0.1,174,24,,,,,
weak_label_noise,,,,,,NO_VALID_THRESHOLD,,,,,,,,,,,,,,,,,,0.1,175,24,,,,,
weak_label_noise,,,,,,NO_VALID_THRESHOLD,,,,,,,,,,,,,,,,,,0.1,176,24,,,,,
weak_label_noise,,,,,,NO_VALID_THRESHOLD,,,,,,,,,,,,,,,,,,0.1,177,24,,,,,
weak_label_noise,,,,,,NO_VALID_THRESHOLD,,,,,,,,,,,,,,,,,,0.1,178,24,,,,,
weak_label_noise,,,,,,NO_VALID_THRESHOLD,,,,,,,,,,,,,,,,,,0.1,179,24,,,,,
weak_label_noise,,,,,,NO_VALID_THRESHOLD,,,,,,,,,,,,,,,,,,0.1,180,24,,,,,
weak_label_noise,,,,,,NO_VALID_THRESHOLD,,,,,,,,,,,,,,,,,,0.1,181,24,,,,,
weak_label_noise,,,,,,NO_VALID_THRESHOLD,,,,,,,,,,,,,,,,,,0.1,182,24,,,,,
weak_label_noise,,,,,,NO_VALID_THRESHOLD,,,,,,,,,,,,,,,,,,0.1,183,24,,,,,
weak_label_noise,,,,,,NO_VALID_THRESHOLD,,,,,,,,,,,,,,,,,,0.1,184,24,,,,,
weak_label_noise,,,,,,NO_VALID_THRESHOLD,,,,,,,,,,,,,,,,,,0.1,185,24,,,,,
weak_label_noise,,,,,,NO_VALID_THRESHOLD,,,,,,,,,,,,,,,,,,0.1,186,24,,,,,
weak_label_noise,,,,,,NO_VALID_THRESHOLD,,,,,,,,,,,,,,,,,,0.1,187,24,,,,,
weak_label_noise,,,,,,NO_VALID_THRESHOLD,,,,,,,,,,,,,,,,,,0.1,188,24,,,,,
weak_label_noise,,,,,,NO_VALID_THRESHOLD,,,,,,,,,,,,,,,,,,0.1,189,24,,,,,
weak_label_noise,,,,,,NO_VALID_THRESHOLD,,,,,,,,,,,,,,,,,,0.1,190,24,,,,,
weak_label_noise,,,,,,NO_VALID_THRESHOLD,,,,,,,,,,,,,,,,,,0.1,191,24,,,,,
weak_label_noise,,,,,,NO_VALID_THRESHOLD,,,,,,,,,,,,,,,,,,0.1,192,24,,,,,
weak_label_noise,,,,,,NO_VALID_THRESHOLD,,,,,,,,,,,,,,,,,,0.1,193,24,,,,,
weak_label_noise,,,,,,NO_VALID_THRESHOLD,,,,,,,,,,,,,,,,,,0.1,194,24,,,,,
weak_label_noise,,,,,,NO_VALID_THRESHOLD,,,,,,,,,,,,,,,,,,0.1,195,24,,,,,
weak_label_noise,,,,,,NO_VALID_THRESHOLD,,,,,,,,,,,,,,,,,,0.1,196,24,,,,,
weak_label_noise,,,,,,NO_VALID_THRESHOLD,,,,,,,,,,,,,,,,,,0.1,197,24,,,,,
weak_label_noise,,,,,,NO_VALID_THRESHOLD,,,,,,,,,,,,,,,,,,0.1,198,24,,,,,
weak_label_noise,,,,,,NO_VALID_THRESHOLD,,,,,,,,,,,,,,,,,,0.1,199,24,,,,,
weak_label_noise,,,,,,NO_VALID_THRESHOLD,,,,,,,,,,,,,,,,,,0.1,200,24,,,,,
