model,case_id,language,filter_activated,filter_reason,candidate_count_before,candidate_count_after,selection_latency_ms,raw_correct_rank,post_filter_correct_rank,raw_top5,post_filter_top5,raw_run_1_ms,raw_run_2_ms,raw_run_3_ms,post_run_1_ms,post_run_2_ms,post_run_3_ms,post_rankings_stable
cross-encoder/ms-marco-MiniLM-L-6-v2,policy_test_kfz_2026_1001_en,en,False,Current-policy intent not activated; candidate set unchanged.,8,8,0.1334,1,1,policy_test_kfz_2026_1001|policy_test_kfz_2026_1003|policy_test_phv_2026_1002|policy_test_kfz_2026_1101|policy_test_kfz_2026_1401,policy_test_kfz_2026_1001|policy_test_kfz_2026_1003|policy_test_phv_2026_1002|policy_test_kfz_2026_1101|policy_test_kfz_2026_1401,404.713,373.858,367.605,368.229,369.363,366.813,True
cross-encoder/ms-marco-MiniLM-L-6-v2,policy_test_kfz_2026_1001_de,de,False,Current-policy intent not activated; candidate set unchanged.,8,8,0.1305,1,1,policy_test_kfz_2026_1001|policy_test_kfz_2026_1003|policy_test_phv_2026_1002|policy_test_kfz_2026_1101|policy_test_kfz_2026_1401,policy_test_kfz_2026_1001|policy_test_kfz_2026_1003|policy_test_phv_2026_1002|policy_test_kfz_2026_1101|policy_test_kfz_2026_1401,480.904,462.814,447.356,460.905,439.079,438.655,True
cross-encoder/ms-marco-MiniLM-L-6-v2,policy_test_kfz_2026_1001_mixed,mixed,False,Current-policy intent not activated; candidate set unchanged.,8,8,0.1125,1,1,policy_test_kfz_2026_1001|policy_test_kfz_2026_1003|policy_test_phv_2026_1002|policy_test_kfz_2026_1101|policy_test_kfz_2026_1701,policy_test_kfz_2026_1001|policy_test_kfz_2026_1003|policy_test_phv_2026_1002|policy_test_kfz_2026_1101|policy_test_kfz_2026_1701,461.302,467.568,437.956,504.772,488.418,446.863,True
cross-encoder/ms-marco-MiniLM-L-6-v2,policy_test_phv_2026_1002_en,en,False,Current-policy intent not activated; candidate set unchanged.,8,8,0.1406,1,1,policy_test_phv_2026_1002|policy_test_kfz_2026_1001|policy_test_kfz_2026_1003|policy_test_phv_2026_1601|policy_test_phv_2026_1902,policy_test_phv_2026_1002|policy_test_kfz_2026_1001|policy_test_kfz_2026_1003|policy_test_phv_2026_1601|policy_test_phv_2026_1902,406.780,437.244,409.527,398.735,390.874,376.897,True
cross-encoder/ms-marco-MiniLM-L-6-v2,policy_test_phv_2026_1002_de,de,False,Current-policy intent not activated; candidate set unchanged.,8,8,0.1401,2,2,policy_test_kfz_2026_1001|policy_test_phv_2026_1002|policy_test_kfz_2026_1003|policy_test_kfz_2026_1101|policy_test_phv_2025_1301,policy_test_kfz_2026_1001|policy_test_phv_2026_1002|policy_test_kfz_2026_1003|policy_test_kfz_2026_1101|policy_test_phv_2025_1301,524.904,549.197,484.557,487.156,519.499,538.651,True
cross-encoder/ms-marco-MiniLM-L-6-v2,policy_test_phv_2026_1002_mixed,mixed,False,Current-policy intent not activated; candidate set unchanged.,8,8,0.1675,3,3,policy_test_kfz_2026_1001|policy_test_kfz_2026_1003|policy_test_phv_2026_1002|policy_test_kfz_2026_1101|policy_test_phv_2026_1601,policy_test_kfz_2026_1001|policy_test_kfz_2026_1003|policy_test_phv_2026_1002|policy_test_kfz_2026_1101|policy_test_phv_2026_1601,536.735,521.169,439.683,424.949,443.923,422.530,True
cross-encoder/ms-marco-MiniLM-L-6-v2,policy_test_kfz_2026_1003_en,en,True,Selected active policy with the latest start date covering the reference date.,8,1,3.3188,2,1,policy_test_kfz_2026_1001|policy_test_kfz_2026_1003|policy_test_phv_2026_1002|policy_test_kfz_2026_1101|policy_test_kfz_2026_1701,policy_test_kfz_2026_1003,497.028,500.828,452.995,71.254,54.966,68.154,True
cross-encoder/ms-marco-MiniLM-L-6-v2,policy_test_kfz_2026_1003_de,de,True,Selected active policy with the latest start date covering the reference date.,8,1,1.2368,2,1,policy_test_kfz_2026_1001|policy_test_kfz_2026_1003|policy_test_phv_2026_1002|policy_test_kfz_2026_1101|policy_test_kfz_2026_1701,policy_test_kfz_2026_1003,599.208,513.413,477.934,84.018,156.991,149.002,True
cross-encoder/ms-marco-MiniLM-L-6-v2,policy_test_kfz_2026_1003_mixed,mixed,True,Selected active policy with the latest start date covering the reference date.,8,1,1.7013,2,1,policy_test_kfz_2026_1001|policy_test_kfz_2026_1003|policy_test_phv_2026_1002|policy_test_kfz_2026_1101|policy_test_kfz_2026_1401,policy_test_kfz_2026_1003,545.124,412.980,419.142,55.681,59.520,62.548,True
cross-encoder/ms-marco-MiniLM-L-6-v2,policy_test_kfz_2026_1101_en,en,False,Current-policy intent not activated; candidate set unchanged.,8,8,0.1303,1,1,policy_test_kfz_2026_1101|policy_test_kfz_2026_1701|policy_test_kfz_2026_1401|policy_test_kfz_2026_1001|policy_test_kfz_2026_1901,policy_test_kfz_2026_1101|policy_test_kfz_2026_1701|policy_test_kfz_2026_1401|policy_test_kfz_2026_1001|policy_test_kfz_2026_1901,449.654,461.894,460.655,454.603,471.874,427.125,True
cross-encoder/ms-marco-MiniLM-L-6-v2,policy_test_kfz_2026_1101_de,de,False,Current-policy intent not activated; candidate set unchanged.,8,8,0.1061,1,1,policy_test_kfz_2026_1101|policy_test_kfz_2026_1701|policy_test_kfz_2026_1401|policy_test_kfz_2026_1001|policy_test_kfz_2026_1003,policy_test_kfz_2026_1101|policy_test_kfz_2026_1701|policy_test_kfz_2026_1401|policy_test_kfz_2026_1001|policy_test_kfz_2026_1003,474.031,477.787,459.511,422.640,461.293,672.831,True
cross-encoder/ms-marco-MiniLM-L-6-v2,policy_test_kfz_2026_1101_mixed,mixed,False,Current-policy intent not activated; candidate set unchanged.,8,8,0.1088,1,1,policy_test_kfz_2026_1101|policy_test_kfz_2026_1001|policy_test_kfz_2026_1401|policy_test_kfz_2026_1701|policy_test_kfz_2026_1003,policy_test_kfz_2026_1101|policy_test_kfz_2026_1001|policy_test_kfz_2026_1401|policy_test_kfz_2026_1701|policy_test_kfz_2026_1003,831.762,919.166,809.049,523.669,475.747,618.189,True
cross-encoder/ms-marco-MiniLM-L-6-v2,policy_test_hh_2026_1201_en,en,False,Current-policy intent not activated; candidate set unchanged.,8,8,0.1161,1,1,policy_test_hh_2026_1201|policy_test_rs_2026_1202|policy_test_hh_2026_1402|policy_test_hh_2026_1801|policy_test_kfz_2026_1001,policy_test_hh_2026_1201|policy_test_rs_2026_1202|policy_test_hh_2026_1402|policy_test_hh_2026_1801|policy_test_kfz_2026_1001,454.188,428.931,438.307,433.603,428.001,398.199,True
cross-encoder/ms-marco-MiniLM-L-6-v2,policy_test_hh_2026_1201_de,de,False,Current-policy intent not activated; candidate set unchanged.,8,8,0.1130,1,1,policy_test_hh_2026_1201|policy_test_rs_2026_1202|policy_test_hh_2026_1801|policy_test_phv_2026_1002|policy_test_rs_2026_1501,policy_test_hh_2026_1201|policy_test_rs_2026_1202|policy_test_hh_2026_1801|policy_test_phv_2026_1002|policy_test_rs_2026_1501,520.662,552.464,481.513,548.873,507.703,452.295,True
cross-encoder/ms-marco-MiniLM-L-6-v2,policy_test_hh_2026_1201_mixed,mixed,False,Current-policy intent not activated; candidate set unchanged.,8,8,0.1134,1,1,policy_test_hh_2026_1201|policy_test_rs_2026_1202|policy_test_hh_2026_1801|policy_test_kfz_2026_1001|policy_test_rs_2026_1501,policy_test_hh_2026_1201|policy_test_rs_2026_1202|policy_test_hh_2026_1801|policy_test_kfz_2026_1001|policy_test_rs_2026_1501,457.291,430.269,425.502,406.747,408.787,419.049,True
cross-encoder/ms-marco-MiniLM-L-6-v2,policy_test_rs_2026_1202_en,en,False,Current-policy intent not activated; candidate set unchanged.,8,8,0.3340,1,1,policy_test_rs_2026_1202|policy_test_hh_2026_1201|policy_test_rs_2026_1501|policy_test_rs_2026_1702|policy_test_hh_2026_1801,policy_test_rs_2026_1202|policy_test_hh_2026_1201|policy_test_rs_2026_1501|policy_test_rs_2026_1702|policy_test_hh_2026_1801,462.254,506.957,458.761,481.830,467.721,436.116,True
cross-encoder/ms-marco-MiniLM-L-6-v2,policy_test_rs_2026_1202_de,de,False,Current-policy intent not activated; candidate set unchanged.,8,8,0.1297,1,1,policy_test_rs_2026_1202|policy_test_hh_2026_1201|policy_test_hh_2026_1801|policy_test_kfz_2026_1001|policy_test_rs_2026_1702,policy_test_rs_2026_1202|policy_test_hh_2026_1201|policy_test_hh_2026_1801|policy_test_kfz_2026_1001|policy_test_rs_2026_1702,515.227,496.498,461.784,461.091,458.922,471.759,True
cross-encoder/ms-marco-MiniLM-L-6-v2,policy_test_rs_2026_1202_mixed,mixed,False,Current-policy intent not activated; candidate set unchanged.,8,8,0.1318,1,1,policy_test_rs_2026_1202|policy_test_hh_2026_1201|policy_test_hh_2026_1801|policy_test_hh_2026_1402|policy_test_rs_2026_1501,policy_test_rs_2026_1202|policy_test_hh_2026_1201|policy_test_hh_2026_1801|policy_test_hh_2026_1402|policy_test_rs_2026_1501,485.876,475.996,458.056,486.244,490.604,456.917,True
cross-encoder/ms-marco-MiniLM-L-6-v2,policy_test_phv_2025_1301_en,en,False,Current-policy intent not activated; candidate set unchanged.,8,8,0.1097,1,1,policy_test_phv_2025_1301|policy_test_phv_2026_1002|policy_test_phv_2026_1902|policy_test_phv_2026_1601|policy_test_kfz_2026_1401,policy_test_phv_2025_1301|policy_test_phv_2026_1002|policy_test_phv_2026_1902|policy_test_phv_2026_1601|policy_test_kfz_2026_1401,408.769,424.735,424.113,389.508,391.028,372.074,True
cross-encoder/ms-marco-MiniLM-L-6-v2,policy_test_phv_2025_1301_de,de,False,Current-policy intent not activated; candidate set unchanged.,8,8,0.1424,1,1,policy_test_phv_2025_1301|policy_test_phv_2026_1002|policy_test_kfz_2026_1101|policy_test_kfz_2026_1001|policy_test_phv_2026_1902,policy_test_phv_2025_1301|policy_test_phv_2026_1002|policy_test_kfz_2026_1101|policy_test_kfz_2026_1001|policy_test_phv_2026_1902,558.080,543.069,502.234,582.453,512.850,492.163,True
cross-encoder/ms-marco-MiniLM-L-6-v2,policy_test_phv_2025_1301_mixed,mixed,False,Current-policy intent not activated; candidate set unchanged.,8,8,0.1315,1,1,policy_test_phv_2025_1301|policy_test_kfz_2026_1001|policy_test_kfz_2026_1101|policy_test_kfz_2026_1003|policy_test_phv_2026_1002,policy_test_phv_2025_1301|policy_test_kfz_2026_1001|policy_test_kfz_2026_1101|policy_test_kfz_2026_1003|policy_test_phv_2026_1002,689.641,440.057,429.817,440.635,428.471,437.677,True
cross-encoder/ms-marco-MiniLM-L-6-v2,policy_test_kfz_2026_1401_en,en,False,Current-policy intent not activated; candidate set unchanged.,8,8,0.1465,1,1,policy_test_kfz_2026_1401|policy_test_hh_2026_1402|policy_test_kfz_2026_1101|policy_test_kfz_2026_1701|policy_test_kfz_2026_1001,policy_test_kfz_2026_1401|policy_test_hh_2026_1402|policy_test_kfz_2026_1101|policy_test_kfz_2026_1701|policy_test_kfz_2026_1001,465.981,517.030,429.527,439.359,482.495,443.500,True
cross-encoder/ms-marco-MiniLM-L-6-v2,policy_test_kfz_2026_1401_de,de,False,Current-policy intent not activated; candidate set unchanged.,8,8,0.1354,1,1,policy_test_kfz_2026_1401|policy_test_hh_2026_1402|policy_test_kfz_2026_1701|policy_test_kfz_2026_1101|policy_test_kfz_2026_1001,policy_test_kfz_2026_1401|policy_test_hh_2026_1402|policy_test_kfz_2026_1701|policy_test_kfz_2026_1101|policy_test_kfz_2026_1001,492.262,498.247,481.121,473.307,456.033,459.211,True
cross-encoder/ms-marco-MiniLM-L-6-v2,policy_test_kfz_2026_1401_mixed,mixed,False,Current-policy intent not activated; candidate set unchanged.,8,8,0.1152,1,1,policy_test_kfz_2026_1401|policy_test_hh_2026_1402|policy_test_kfz_2026_1001|policy_test_kfz_2026_1101|policy_test_kfz_2026_1701,policy_test_kfz_2026_1401|policy_test_hh_2026_1402|policy_test_kfz_2026_1001|policy_test_kfz_2026_1101|policy_test_kfz_2026_1701,470.902,503.725,462.296,457.621,552.225,491.078,True
cross-encoder/ms-marco-MiniLM-L-6-v2,policy_test_hh_2026_1402_en,en,False,Current-policy intent not activated; candidate set unchanged.,8,8,0.1309,1,1,policy_test_hh_2026_1402|policy_test_kfz_2026_1401|policy_test_hh_2026_1201|policy_test_hh_2026_1801|policy_test_kfz_2026_1001,policy_test_hh_2026_1402|policy_test_kfz_2026_1401|policy_test_hh_2026_1201|policy_test_hh_2026_1801|policy_test_kfz_2026_1001,436.502,436.327,416.689,444.091,557.135,418.666,True
cross-encoder/ms-marco-MiniLM-L-6-v2,policy_test_hh_2026_1402_de,de,False,Current-policy intent not activated; candidate set unchanged.,8,8,0.1256,1,1,policy_test_hh_2026_1402|policy_test_kfz_2026_1401|policy_test_rs_2026_1501|policy_test_hh_2026_1801|policy_test_rs_2026_1202,policy_test_hh_2026_1402|policy_test_kfz_2026_1401|policy_test_rs_2026_1501|policy_test_hh_2026_1801|policy_test_rs_2026_1202,574.482,765.557,1006.996,972.168,533.961,573.184,True
cross-encoder/ms-marco-MiniLM-L-6-v2,policy_test_hh_2026_1402_mixed,mixed,False,Current-policy intent not activated; candidate set unchanged.,8,8,0.1138,1,1,policy_test_hh_2026_1402|policy_test_kfz_2026_1401|policy_test_kfz_2026_1001|policy_test_rs_2026_1202|policy_test_rs_2026_1501,policy_test_hh_2026_1402|policy_test_kfz_2026_1401|policy_test_kfz_2026_1001|policy_test_rs_2026_1202|policy_test_rs_2026_1501,523.167,511.995,433.922,465.063,479.117,481.843,True
cross-encoder/ms-marco-MiniLM-L-6-v2,policy_test_rs_2026_1501_en,en,False,Current-policy intent not activated; candidate set unchanged.,8,8,0.1201,1,1,policy_test_rs_2026_1501|policy_test_rs_2026_1202|policy_test_rs_2026_1702|policy_test_phv_2026_1002|policy_test_kfz_2026_1001,policy_test_rs_2026_1501|policy_test_rs_2026_1202|policy_test_rs_2026_1702|policy_test_phv_2026_1002|policy_test_kfz_2026_1001,500.615,675.837,581.634,634.542,639.732,494.461,True
cross-encoder/ms-marco-MiniLM-L-6-v2,policy_test_rs_2026_1501_de,de,False,Current-policy intent not activated; candidate set unchanged.,8,8,0.2167,1,1,policy_test_rs_2026_1501|policy_test_kfz_2026_1001|policy_test_phv_2026_1002|policy_test_hh_2026_1801|policy_test_hh_2026_1201,policy_test_rs_2026_1501|policy_test_kfz_2026_1001|policy_test_phv_2026_1002|policy_test_hh_2026_1801|policy_test_hh_2026_1201,618.818,538.484,525.747,532.006,572.197,551.161,True
cross-encoder/ms-marco-MiniLM-L-6-v2,policy_test_rs_2026_1501_mixed,mixed,False,Current-policy intent not activated; candidate set unchanged.,8,8,0.1285,1,1,policy_test_rs_2026_1501|policy_test_kfz_2026_1001|policy_test_phv_2026_1002|policy_test_hh_2026_1801|policy_test_rs_2026_1702,policy_test_rs_2026_1501|policy_test_kfz_2026_1001|policy_test_phv_2026_1002|policy_test_hh_2026_1801|policy_test_rs_2026_1702,739.765,633.248,578.288,749.085,645.555,482.914,True
cross-encoder/ms-marco-MiniLM-L-6-v2,policy_test_phv_2026_1601_en,en,False,Current-policy intent not activated; candidate set unchanged.,8,8,0.1272,1,1,policy_test_phv_2026_1601|policy_test_phv_2026_1902|policy_test_phv_2026_1002|policy_test_kfz_2026_1401|policy_test_phv_2025_1301,policy_test_phv_2026_1601|policy_test_phv_2026_1902|policy_test_phv_2026_1002|policy_test_kfz_2026_1401|policy_test_phv_2025_1301,549.917,477.235,535.387,487.996,500.073,511.063,True
cross-encoder/ms-marco-MiniLM-L-6-v2,policy_test_phv_2026_1601_de,de,False,Current-policy intent not activated; candidate set unchanged.,8,8,0.1476,1,1,policy_test_phv_2026_1601|policy_test_kfz_2026_1401|policy_test_kfz_2026_1003|policy_test_kfz_2026_1001|policy_test_phv_2026_1902,policy_test_phv_2026_1601|policy_test_kfz_2026_1401|policy_test_kfz_2026_1003|policy_test_kfz_2026_1001|policy_test_phv_2026_1902,693.087,653.068,724.719,799.059,663.091,687.420,True
cross-encoder/ms-marco-MiniLM-L-6-v2,policy_test_phv_2026_1601_mixed,mixed,False,Current-policy intent not activated; candidate set unchanged.,8,8,0.1220,1,1,policy_test_phv_2026_1601|policy_test_kfz_2026_1001|policy_test_kfz_2026_1101|policy_test_kfz_2026_1003|policy_test_phv_2026_1002,policy_test_phv_2026_1601|policy_test_kfz_2026_1001|policy_test_kfz_2026_1101|policy_test_kfz_2026_1003|policy_test_phv_2026_1002,752.047,484.605,511.954,510.109,508.671,491.009,True
cross-encoder/ms-marco-MiniLM-L-6-v2,policy_test_kfz_2026_1701_en,en,False,Current-policy intent not activated; candidate set unchanged.,8,8,0.1111,1,1,policy_test_kfz_2026_1701|policy_test_rs_2026_1702|policy_test_kfz_2026_1901|policy_test_kfz_2026_1001|policy_test_kfz_2026_1101,policy_test_kfz_2026_1701|policy_test_rs_2026_1702|policy_test_kfz_2026_1901|policy_test_kfz_2026_1001|policy_test_kfz_2026_1101,686.797,581.485,494.194,612.304,519.426,516.726,True
cross-encoder/ms-marco-MiniLM-L-6-v2,policy_test_kfz_2026_1701_de,de,False,Current-policy intent not activated; candidate set unchanged.,8,8,0.1371,1,1,policy_test_kfz_2026_1701|policy_test_rs_2026_1702|policy_test_kfz_2026_1101|policy_test_kfz_2026_1003|policy_test_kfz_2026_1001,policy_test_kfz_2026_1701|policy_test_rs_2026_1702|policy_test_kfz_2026_1101|policy_test_kfz_2026_1003|policy_test_kfz_2026_1001,622.067,577.790,563.922,511.654,561.771,672.299,True
cross-encoder/ms-marco-MiniLM-L-6-v2,policy_test_kfz_2026_1701_mixed,mixed,False,Current-policy intent not activated; candidate set unchanged.,8,8,0.1057,1,1,policy_test_kfz_2026_1701|policy_test_rs_2026_1702|policy_test_kfz_2026_1001|policy_test_kfz_2026_1101|policy_test_kfz_2026_1003,policy_test_kfz_2026_1701|policy_test_rs_2026_1702|policy_test_kfz_2026_1001|policy_test_kfz_2026_1101|policy_test_kfz_2026_1003,623.733,747.919,608.346,659.232,566.696,560.438,True
cross-encoder/ms-marco-MiniLM-L-6-v2,policy_test_rs_2026_1702_en,en,False,Current-policy intent not activated; candidate set unchanged.,8,8,0.1168,1,1,policy_test_rs_2026_1702|policy_test_kfz_2026_1701|policy_test_rs_2026_1501|policy_test_rs_2026_1202|policy_test_kfz_2026_1001,policy_test_rs_2026_1702|policy_test_kfz_2026_1701|policy_test_rs_2026_1501|policy_test_rs_2026_1202|policy_test_kfz_2026_1001,539.131,459.980,415.837,407.957,429.852,461.205,True
cross-encoder/ms-marco-MiniLM-L-6-v2,policy_test_rs_2026_1702_de,de,False,Current-policy intent not activated; candidate set unchanged.,8,8,0.1551,1,1,policy_test_rs_2026_1702|policy_test_kfz_2026_1701|policy_test_rs_2026_1501|policy_test_kfz_2026_1001|policy_test_hh_2026_1801,policy_test_rs_2026_1702|policy_test_kfz_2026_1701|policy_test_rs_2026_1501|policy_test_kfz_2026_1001|policy_test_hh_2026_1801,508.789,542.356,535.679,536.005,604.809,501.391,True
cross-encoder/ms-marco-MiniLM-L-6-v2,policy_test_rs_2026_1702_mixed,mixed,False,Current-policy intent not activated; candidate set unchanged.,8,8,0.1095,1,1,policy_test_rs_2026_1702|policy_test_kfz_2026_1701|policy_test_kfz_2026_1001|policy_test_rs_2026_1501|policy_test_hh_2026_1801,policy_test_rs_2026_1702|policy_test_kfz_2026_1701|policy_test_kfz_2026_1001|policy_test_rs_2026_1501|policy_test_hh_2026_1801,459.064,462.863,436.684,426.938,455.120,430.955,True
cross-encoder/ms-marco-MiniLM-L-6-v2,policy_test_hh_2026_1801_en,en,False,Current-policy intent not activated; candidate set unchanged.,8,8,0.1329,1,1,policy_test_hh_2026_1801|policy_test_hh_2026_1402|policy_test_hh_2026_1201|policy_test_rs_2026_1202|policy_test_rs_2026_1501,policy_test_hh_2026_1801|policy_test_hh_2026_1402|policy_test_hh_2026_1201|policy_test_rs_2026_1202|policy_test_rs_2026_1501,503.054,522.098,474.597,476.970,566.986,449.036,True
cross-encoder/ms-marco-MiniLM-L-6-v2,policy_test_hh_2026_1801_de,de,False,Current-policy intent not activated; candidate set unchanged.,8,8,0.1238,1,1,policy_test_hh_2026_1801|policy_test_kfz_2026_1001|policy_test_hh_2026_1201|policy_test_rs_2026_1702|policy_test_rs_2026_1202,policy_test_hh_2026_1801|policy_test_kfz_2026_1001|policy_test_hh_2026_1201|policy_test_rs_2026_1702|policy_test_rs_2026_1202,557.014,555.886,507.522,504.970,488.272,484.917,True
cross-encoder/ms-marco-MiniLM-L-6-v2,policy_test_hh_2026_1801_mixed,mixed,False,Current-policy intent not activated; candidate set unchanged.,8,8,0.1861,1,1,policy_test_hh_2026_1801|policy_test_rs_2026_1202|policy_test_kfz_2026_1001|policy_test_rs_2026_1702|policy_test_rs_2026_1501,policy_test_hh_2026_1801|policy_test_rs_2026_1202|policy_test_kfz_2026_1001|policy_test_rs_2026_1702|policy_test_rs_2026_1501,511.447,544.491,515.892,523.400,551.986,520.447,True
cross-encoder/ms-marco-MiniLM-L-6-v2,policy_test_kfz_2026_1901_en,en,False,Current-policy intent not activated; candidate set unchanged.,8,8,0.1914,1,1,policy_test_kfz_2026_1901|policy_test_phv_2026_1902|policy_test_kfz_2026_1701|policy_test_kfz_2026_1101|policy_test_kfz_2026_1003,policy_test_kfz_2026_1901|policy_test_phv_2026_1902|policy_test_kfz_2026_1701|policy_test_kfz_2026_1101|policy_test_kfz_2026_1003,455.973,452.736,436.962,433.971,416.148,425.419,True
cross-encoder/ms-marco-MiniLM-L-6-v2,policy_test_kfz_2026_1901_de,de,False,Current-policy intent not activated; candidate set unchanged.,8,8,0.1476,1,1,policy_test_kfz_2026_1901|policy_test_phv_2026_1902|policy_test_kfz_2026_1701|policy_test_kfz_2026_1003|policy_test_kfz_2026_1101,policy_test_kfz_2026_1901|policy_test_phv_2026_1902|policy_test_kfz_2026_1701|policy_test_kfz_2026_1003|policy_test_kfz_2026_1101,585.527,587.866,565.506,586.220,512.000,487.851,True
cross-encoder/ms-marco-MiniLM-L-6-v2,policy_test_kfz_2026_1901_mixed,mixed,False,Current-policy intent not activated; candidate set unchanged.,8,8,0.1322,1,1,policy_test_kfz_2026_1901|policy_test_phv_2026_1902|policy_test_kfz_2026_1001|policy_test_kfz_2026_1003|policy_test_kfz_2026_1101,policy_test_kfz_2026_1901|policy_test_phv_2026_1902|policy_test_kfz_2026_1001|policy_test_kfz_2026_1003|policy_test_kfz_2026_1101,514.980,473.970,457.538,451.866,483.413,449.153,True
cross-encoder/ms-marco-MiniLM-L-6-v2,policy_test_phv_2026_1902_en,en,False,Current-policy intent not activated; candidate set unchanged.,8,8,0.1181,1,1,policy_test_phv_2026_1902|policy_test_kfz_2026_1901|policy_test_phv_2026_1002|policy_test_phv_2026_1601|policy_test_kfz_2026_1401,policy_test_phv_2026_1902|policy_test_kfz_2026_1901|policy_test_phv_2026_1002|policy_test_phv_2026_1601|policy_test_kfz_2026_1401,473.319,511.115,452.913,481.446,563.339,507.233,True
cross-encoder/ms-marco-MiniLM-L-6-v2,policy_test_phv_2026_1902_de,de,False,Current-policy intent not activated; candidate set unchanged.,8,8,0.1395,1,1,policy_test_phv_2026_1902|policy_test_kfz_2026_1901|policy_test_kfz_2026_1003|policy_test_kfz_2026_1001|policy_test_phv_2026_1002,policy_test_phv_2026_1902|policy_test_kfz_2026_1901|policy_test_kfz_2026_1003|policy_test_kfz_2026_1001|policy_test_phv_2026_1002,524.689,570.853,519.111,490.538,582.167,799.824,True
cross-encoder/ms-marco-MiniLM-L-6-v2,policy_test_phv_2026_1902_mixed,mixed,False,Current-policy intent not activated; candidate set unchanged.,8,8,0.5826,1,1,policy_test_phv_2026_1902|policy_test_kfz_2026_1901|policy_test_kfz_2026_1003|policy_test_kfz_2026_1001|policy_test_phv_2026_1002,policy_test_phv_2026_1902|policy_test_kfz_2026_1901|policy_test_kfz_2026_1003|policy_test_kfz_2026_1001|policy_test_phv_2026_1002,771.176,755.303,569.985,514.106,478.894,489.342,True
cross-encoder/ms-marco-MiniLM-L-6-v2,claim_test_clm_2026_2001_en,en,False,Current-policy intent not activated; candidate set unchanged.,8,8,0.0921,1,1,claim_test_clm_2026_2001|claim_test_clm_2026_2602|claim_test_clm_2026_2501|claim_test_clm_2026_2301|claim_test_clm_2026_2601,claim_test_clm_2026_2001|claim_test_clm_2026_2602|claim_test_clm_2026_2501|claim_test_clm_2026_2301|claim_test_clm_2026_2601,423.892,383.188,383.380,368.356,365.298,386.693,True
cross-encoder/ms-marco-MiniLM-L-6-v2,claim_test_clm_2026_2001_de,de,False,Current-policy intent not activated; candidate set unchanged.,8,8,0.1304,1,1,claim_test_clm_2026_2001|claim_test_clm_2026_2501|claim_test_clm_2026_2602|claim_test_clm_2026_2101|claim_test_clm_2026_2301,claim_test_clm_2026_2001|claim_test_clm_2026_2501|claim_test_clm_2026_2602|claim_test_clm_2026_2101|claim_test_clm_2026_2301,479.695,483.775,443.780,443.454,473.607,456.956,True
cross-encoder/ms-marco-MiniLM-L-6-v2,claim_test_clm_2026_2101_en,en,False,Current-policy intent not activated; candidate set unchanged.,8,8,0.1176,1,1,claim_test_clm_2026_2101|claim_test_clm_2026_2301|claim_test_clm_2026_2601|claim_test_clm_2026_2501|claim_test_clm_2026_2602,claim_test_clm_2026_2101|claim_test_clm_2026_2301|claim_test_clm_2026_2601|claim_test_clm_2026_2501|claim_test_clm_2026_2602,431.617,397.380,410.617,405.292,363.980,385.937,True
cross-encoder/ms-marco-MiniLM-L-6-v2,claim_test_clm_2026_2101_de,de,False,Current-policy intent not activated; candidate set unchanged.,8,8,0.1158,1,1,claim_test_clm_2026_2101|claim_test_clm_2026_2601|claim_test_clm_2026_2401|claim_test_clm_2026_2301|claim_test_clm_2026_2501,claim_test_clm_2026_2101|claim_test_clm_2026_2601|claim_test_clm_2026_2401|claim_test_clm_2026_2301|claim_test_clm_2026_2501,482.621,487.653,445.630,475.869,492.233,467.960,True
cross-encoder/ms-marco-MiniLM-L-6-v2,claim_test_clm_2026_2201_en,en,False,Current-policy intent not activated; candidate set unchanged.,8,8,0.1034,1,1,claim_test_clm_2026_2201|claim_test_clm_2026_2301|claim_test_clm_2026_2602|claim_test_clm_2026_2601|claim_test_clm_2026_2101,claim_test_clm_2026_2201|claim_test_clm_2026_2301|claim_test_clm_2026_2602|claim_test_clm_2026_2601|claim_test_clm_2026_2101,449.292,425.281,441.168,391.077,384.663,375.931,True
cross-encoder/ms-marco-MiniLM-L-6-v2,claim_test_clm_2026_2201_de,de,False,Current-policy intent not activated; candidate set unchanged.,8,8,0.1193,1,1,claim_test_clm_2026_2201|claim_test_clm_2026_2501|claim_test_clm_2026_2301|claim_test_clm_2026_2101|claim_test_clm_2026_2401,claim_test_clm_2026_2201|claim_test_clm_2026_2501|claim_test_clm_2026_2301|claim_test_clm_2026_2101|claim_test_clm_2026_2401,500.320,520.216,453.976,465.366,498.993,453.491,True
cross-encoder/ms-marco-MiniLM-L-6-v2,claim_test_clm_2026_2301_en,en,False,Current-policy intent not activated; candidate set unchanged.,8,8,0.1325,1,1,claim_test_clm_2026_2301|claim_test_clm_2026_2602|claim_test_clm_2026_2401|claim_test_clm_2026_2201|claim_test_clm_2026_2601,claim_test_clm_2026_2301|claim_test_clm_2026_2602|claim_test_clm_2026_2401|claim_test_clm_2026_2201|claim_test_clm_2026_2601,413.719,407.317,444.616,399.732,388.881,389.211,True
cross-encoder/ms-marco-MiniLM-L-6-v2,claim_test_clm_2026_2301_de,de,False,Current-policy intent not activated; candidate set unchanged.,8,8,0.1552,1,1,claim_test_clm_2026_2301|claim_test_clm_2026_2201|claim_test_clm_2026_2501|claim_test_clm_2026_2601|claim_test_clm_2026_2602,claim_test_clm_2026_2301|claim_test_clm_2026_2201|claim_test_clm_2026_2501|claim_test_clm_2026_2601|claim_test_clm_2026_2602,473.288,504.747,446.554,476.064,467.378,475.557,True
cross-encoder/ms-marco-MiniLM-L-6-v2,claim_test_clm_2026_2401_en,en,False,Current-policy intent not activated; candidate set unchanged.,8,8,0.1328,1,1,claim_test_clm_2026_2401|claim_test_clm_2026_2602|claim_test_clm_2026_2301|claim_test_clm_2026_2601|claim_test_clm_2026_2101,claim_test_clm_2026_2401|claim_test_clm_2026_2602|claim_test_clm_2026_2301|claim_test_clm_2026_2601|claim_test_clm_2026_2101,458.148,474.775,511.649,447.988,403.583,385.946,True
cross-encoder/ms-marco-MiniLM-L-6-v2,claim_test_clm_2026_2401_de,de,False,Current-policy intent not activated; candidate set unchanged.,8,8,0.1585,1,1,claim_test_clm_2026_2401|claim_test_clm_2026_2301|claim_test_clm_2026_2501|claim_test_clm_2026_2601|claim_test_clm_2026_2101,claim_test_clm_2026_2401|claim_test_clm_2026_2301|claim_test_clm_2026_2501|claim_test_clm_2026_2601|claim_test_clm_2026_2101,500.507,530.826,495.145,519.156,521.355,496.202,True
cross-encoder/ms-marco-MiniLM-L-6-v2,claim_test_clm_2026_2501_en,en,False,Current-policy intent not activated; candidate set unchanged.,8,8,0.0839,1,1,claim_test_clm_2026_2501|claim_test_clm_2026_2602|claim_test_clm_2026_2001|claim_test_clm_2026_2201|claim_test_clm_2026_2101,claim_test_clm_2026_2501|claim_test_clm_2026_2602|claim_test_clm_2026_2001|claim_test_clm_2026_2201|claim_test_clm_2026_2101,460.291,415.329,422.642,448.337,404.042,389.395,True
cross-encoder/ms-marco-MiniLM-L-6-v2,claim_test_clm_2026_2501_de,de,False,Current-policy intent not activated; candidate set unchanged.,8,8,0.1260,1,1,claim_test_clm_2026_2501|claim_test_clm_2026_2602|claim_test_clm_2026_2001|claim_test_clm_2026_2201|claim_test_clm_2026_2301,claim_test_clm_2026_2501|claim_test_clm_2026_2602|claim_test_clm_2026_2001|claim_test_clm_2026_2201|claim_test_clm_2026_2301,472.113,503.502,469.083,450.669,495.602,492.768,True
cross-encoder/ms-marco-MiniLM-L-6-v2,claim_test_clm_2026_2601_en,en,False,Current-policy intent not activated; candidate set unchanged.,8,8,0.1186,1,1,claim_test_clm_2026_2601|claim_test_clm_2026_2602|claim_test_clm_2026_2101|claim_test_clm_2026_2301|claim_test_clm_2026_2401,claim_test_clm_2026_2601|claim_test_clm_2026_2602|claim_test_clm_2026_2101|claim_test_clm_2026_2301|claim_test_clm_2026_2401,452.679,423.243,423.009,422.060,387.164,369.576,True
cross-encoder/ms-marco-MiniLM-L-6-v2,claim_test_clm_2026_2601_de,de,False,Current-policy intent not activated; candidate set unchanged.,8,8,0.1233,1,1,claim_test_clm_2026_2601|claim_test_clm_2026_2602|claim_test_clm_2026_2301|claim_test_clm_2026_2501|claim_test_clm_2026_2101,claim_test_clm_2026_2601|claim_test_clm_2026_2602|claim_test_clm_2026_2301|claim_test_clm_2026_2501|claim_test_clm_2026_2101,458.687,498.905,435.785,448.228,499.020,471.931,True
cross-encoder/ms-marco-MiniLM-L-6-v2,claim_test_clm_2026_2602_en,en,False,Current-policy intent not activated; candidate set unchanged.,8,8,0.0981,1,1,claim_test_clm_2026_2602|claim_test_clm_2026_2601|claim_test_clm_2026_2501|claim_test_clm_2026_2001|claim_test_clm_2026_2301,claim_test_clm_2026_2602|claim_test_clm_2026_2601|claim_test_clm_2026_2501|claim_test_clm_2026_2001|claim_test_clm_2026_2301,453.600,396.321,427.510,411.368,382.177,384.901,True
cross-encoder/ms-marco-MiniLM-L-6-v2,claim_test_clm_2026_2602_de,de,False,Current-policy intent not activated; candidate set unchanged.,8,8,0.1201,1,1,claim_test_clm_2026_2602|claim_test_clm_2026_2601|claim_test_clm_2026_2501|claim_test_clm_2026_2001|claim_test_clm_2026_2101,claim_test_clm_2026_2602|claim_test_clm_2026_2601|claim_test_clm_2026_2501|claim_test_clm_2026_2001|claim_test_clm_2026_2101,490.742,510.312,457.026,490.011,493.680,448.976,True
cross-encoder/mmarco-mMiniLMv2-L12-H384-v1,policy_test_kfz_2026_1001_en,en,False,Current-policy intent not activated; candidate set unchanged.,8,8,0.1564,1,1,policy_test_kfz_2026_1001|policy_test_kfz_2026_1003|policy_test_phv_2026_1002|policy_test_kfz_2026_1101|policy_test_kfz_2026_1401,policy_test_kfz_2026_1001|policy_test_kfz_2026_1003|policy_test_phv_2026_1002|policy_test_kfz_2026_1101|policy_test_kfz_2026_1401,1029.313,854.118,848.732,834.115,880.011,930.853,True
cross-encoder/mmarco-mMiniLMv2-L12-H384-v1,policy_test_kfz_2026_1001_de,de,False,Current-policy intent not activated; candidate set unchanged.,8,8,0.1729,1,1,policy_test_kfz_2026_1001|policy_test_kfz_2026_1003|policy_test_phv_2026_1002|policy_test_kfz_2026_1401|policy_test_kfz_2026_1901,policy_test_kfz_2026_1001|policy_test_kfz_2026_1003|policy_test_phv_2026_1002|policy_test_kfz_2026_1401|policy_test_kfz_2026_1901,1074.668,993.083,1160.640,1046.471,1439.095,1612.063,True
cross-encoder/mmarco-mMiniLMv2-L12-H384-v1,policy_test_kfz_2026_1001_mixed,mixed,False,Current-policy intent not activated; candidate set unchanged.,8,8,0.1486,1,1,policy_test_kfz_2026_1001|policy_test_kfz_2026_1003|policy_test_phv_2026_1002|policy_test_kfz_2026_1101|policy_test_kfz_2026_1401,policy_test_kfz_2026_1001|policy_test_kfz_2026_1003|policy_test_phv_2026_1002|policy_test_kfz_2026_1101|policy_test_kfz_2026_1401,1315.279,1152.865,1167.711,1013.065,961.297,999.887,True
cross-encoder/mmarco-mMiniLMv2-L12-H384-v1,policy_test_phv_2026_1002_en,en,False,Current-policy intent not activated; candidate set unchanged.,8,8,0.1261,1,1,policy_test_phv_2026_1002|policy_test_kfz_2026_1001|policy_test_kfz_2026_1003|policy_test_phv_2026_1601|policy_test_phv_2026_1902,policy_test_phv_2026_1002|policy_test_kfz_2026_1001|policy_test_kfz_2026_1003|policy_test_phv_2026_1601|policy_test_phv_2026_1902,1377.868,1246.123,2217.246,1440.140,992.087,1015.233,True
cross-encoder/mmarco-mMiniLMv2-L12-H384-v1,policy_test_phv_2026_1002_de,de,False,Current-policy intent not activated; candidate set unchanged.,8,8,0.1404,1,1,policy_test_phv_2026_1002|policy_test_kfz_2026_1001|policy_test_kfz_2026_1003|policy_test_phv_2026_1601|policy_test_phv_2026_1902,policy_test_phv_2026_1002|policy_test_kfz_2026_1001|policy_test_kfz_2026_1003|policy_test_phv_2026_1601|policy_test_phv_2026_1902,1172.080,1226.371,1214.141,1214.664,1028.033,1074.774,True
cross-encoder/mmarco-mMiniLMv2-L12-H384-v1,policy_test_phv_2026_1002_mixed,mixed,False,Current-policy intent not activated; candidate set unchanged.,8,8,0.1390,1,1,policy_test_phv_2026_1002|policy_test_kfz_2026_1001|policy_test_kfz_2026_1003|policy_test_phv_2026_1601|policy_test_phv_2026_1902,policy_test_phv_2026_1002|policy_test_kfz_2026_1001|policy_test_kfz_2026_1003|policy_test_phv_2026_1601|policy_test_phv_2026_1902,1390.805,1280.231,1116.778,1034.877,1061.690,974.324,True
cross-encoder/mmarco-mMiniLMv2-L12-H384-v1,policy_test_kfz_2026_1003_en,en,True,Selected active policy with the latest start date covering the reference date.,8,1,3.6439,2,1,policy_test_kfz_2026_1001|policy_test_kfz_2026_1003|policy_test_phv_2026_1002|policy_test_kfz_2026_1901|policy_test_kfz_2026_1401,policy_test_kfz_2026_1003,1511.073,1280.105,1060.165,179.213,192.479,176.887,True
cross-encoder/mmarco-mMiniLMv2-L12-H384-v1,policy_test_kfz_2026_1003_de,de,True,Selected active policy with the latest start date covering the reference date.,8,1,2.1877,2,1,policy_test_kfz_2026_1001|policy_test_kfz_2026_1003|policy_test_phv_2026_1002|policy_test_kfz_2026_1401|policy_test_kfz_2026_1901,policy_test_kfz_2026_1003,1163.974,1055.405,1120.307,179.118,168.125,169.621,True
cross-encoder/mmarco-mMiniLMv2-L12-H384-v1,policy_test_kfz_2026_1003_mixed,mixed,True,Selected active policy with the latest start date covering the reference date.,8,1,1.1511,1,1,policy_test_kfz_2026_1003|policy_test_kfz_2026_1001|policy_test_phv_2026_1002|policy_test_kfz_2026_1401|policy_test_kfz_2026_1901,policy_test_kfz_2026_1003,1667.565,1829.615,1623.168,511.401,346.232,188.679,True
cross-encoder/mmarco-mMiniLMv2-L12-H384-v1,policy_test_kfz_2026_1101_en,en,False,Current-policy intent not activated; candidate set unchanged.,8,8,0.1085,1,1,policy_test_kfz_2026_1101|policy_test_kfz_2026_1401|policy_test_kfz_2026_1901|policy_test_kfz_2026_1001|policy_test_kfz_2026_1701,policy_test_kfz_2026_1101|policy_test_kfz_2026_1401|policy_test_kfz_2026_1901|policy_test_kfz_2026_1001|policy_test_kfz_2026_1701,1366.125,1018.321,1139.658,1088.380,1005.559,1004.478,True
cross-encoder/mmarco-mMiniLMv2-L12-H384-v1,policy_test_kfz_2026_1101_de,de,False,Current-policy intent not activated; candidate set unchanged.,8,8,0.1421,1,1,policy_test_kfz_2026_1101|policy_test_kfz_2026_1401|policy_test_kfz_2026_1901|policy_test_kfz_2026_1701|policy_test_kfz_2026_1003,policy_test_kfz_2026_1101|policy_test_kfz_2026_1401|policy_test_kfz_2026_1901|policy_test_kfz_2026_1701|policy_test_kfz_2026_1003,1255.410,1135.394,1185.278,1250.203,1034.164,1057.511,True
cross-encoder/mmarco-mMiniLMv2-L12-H384-v1,policy_test_kfz_2026_1101_mixed,mixed,False,Current-policy intent not activated; candidate set unchanged.,8,8,0.1168,1,1,policy_test_kfz_2026_1101|policy_test_kfz_2026_1401|policy_test_kfz_2026_1003|policy_test_kfz_2026_1001|policy_test_kfz_2026_1701,policy_test_kfz_2026_1101|policy_test_kfz_2026_1401|policy_test_kfz_2026_1003|policy_test_kfz_2026_1001|policy_test_kfz_2026_1701,1187.786,1382.095,1145.046,1195.275,1012.592,1033.505,True
cross-encoder/mmarco-mMiniLMv2-L12-H384-v1,policy_test_hh_2026_1201_en,en,False,Current-policy intent not activated; candidate set unchanged.,8,8,0.1222,1,1,policy_test_hh_2026_1201|policy_test_rs_2026_1202|policy_test_hh_2026_1402|policy_test_hh_2026_1801|policy_test_kfz_2026_1001,policy_test_hh_2026_1201|policy_test_rs_2026_1202|policy_test_hh_2026_1402|policy_test_hh_2026_1801|policy_test_kfz_2026_1001,1436.580,1178.787,1145.682,1123.674,1035.448,976.796,True
cross-encoder/mmarco-mMiniLMv2-L12-H384-v1,policy_test_hh_2026_1201_de,de,False,Current-policy intent not activated; candidate set unchanged.,8,8,0.1300,1,1,policy_test_hh_2026_1201|policy_test_rs_2026_1202|policy_test_hh_2026_1402|policy_test_hh_2026_1801|policy_test_kfz_2026_1001,policy_test_hh_2026_1201|policy_test_rs_2026_1202|policy_test_hh_2026_1402|policy_test_hh_2026_1801|policy_test_kfz_2026_1001,1368.708,1395.560,1298.198,1188.675,1042.192,972.700,True
cross-encoder/mmarco-mMiniLMv2-L12-H384-v1,policy_test_hh_2026_1201_mixed,mixed,False,Current-policy intent not activated; candidate set unchanged.,8,8,0.1214,1,1,policy_test_hh_2026_1201|policy_test_rs_2026_1202|policy_test_hh_2026_1402|policy_test_kfz_2026_1001|policy_test_hh_2026_1801,policy_test_hh_2026_1201|policy_test_rs_2026_1202|policy_test_hh_2026_1402|policy_test_kfz_2026_1001|policy_test_hh_2026_1801,1166.451,991.293,932.517,880.262,863.871,827.164,True
cross-encoder/mmarco-mMiniLMv2-L12-H384-v1,policy_test_rs_2026_1202_en,en,False,Current-policy intent not activated; candidate set unchanged.,8,8,0.1762,1,1,policy_test_rs_2026_1202|policy_test_hh_2026_1201|policy_test_rs_2026_1501|policy_test_rs_2026_1702|policy_test_hh_2026_1801,policy_test_rs_2026_1202|policy_test_hh_2026_1201|policy_test_rs_2026_1501|policy_test_rs_2026_1702|policy_test_hh_2026_1801,1029.081,907.422,957.524,922.309,843.567,755.131,True
cross-encoder/mmarco-mMiniLMv2-L12-H384-v1,policy_test_rs_2026_1202_de,de,False,Current-policy intent not activated; candidate set unchanged.,8,8,0.1415,1,1,policy_test_rs_2026_1202|policy_test_hh_2026_1201|policy_test_rs_2026_1501|policy_test_rs_2026_1702|policy_test_hh_2026_1801,policy_test_rs_2026_1202|policy_test_hh_2026_1201|policy_test_rs_2026_1501|policy_test_rs_2026_1702|policy_test_hh_2026_1801,923.394,893.564,907.137,813.131,845.288,759.508,True
cross-encoder/mmarco-mMiniLMv2-L12-H384-v1,policy_test_rs_2026_1202_mixed,mixed,False,Current-policy intent not activated; candidate set unchanged.,8,8,0.1355,1,1,policy_test_rs_2026_1202|policy_test_hh_2026_1201|policy_test_hh_2026_1801|policy_test_rs_2026_1501|policy_test_rs_2026_1702,policy_test_rs_2026_1202|policy_test_hh_2026_1201|policy_test_hh_2026_1801|policy_test_rs_2026_1501|policy_test_rs_2026_1702,930.459,872.698,897.386,843.346,882.902,837.487,True
cross-encoder/mmarco-mMiniLMv2-L12-H384-v1,policy_test_phv_2025_1301_en,en,False,Current-policy intent not activated; candidate set unchanged.,8,8,0.1316,1,1,policy_test_phv_2025_1301|policy_test_phv_2026_1002|policy_test_phv_2026_1902|policy_test_phv_2026_1601|policy_test_kfz_2026_1401,policy_test_phv_2025_1301|policy_test_phv_2026_1002|policy_test_phv_2026_1902|policy_test_phv_2026_1601|policy_test_kfz_2026_1401,910.122,897.974,945.552,879.375,799.869,755.968,True
cross-encoder/mmarco-mMiniLMv2-L12-H384-v1,policy_test_phv_2025_1301_de,de,False,Current-policy intent not activated; candidate set unchanged.,8,8,0.1430,1,1,policy_test_phv_2025_1301|policy_test_phv_2026_1002|policy_test_phv_2026_1601|policy_test_phv_2026_1902|policy_test_kfz_2026_1001,policy_test_phv_2025_1301|policy_test_phv_2026_1002|policy_test_phv_2026_1601|policy_test_phv_2026_1902|policy_test_kfz_2026_1001,902.464,899.889,941.890,849.513,889.096,823.595,True
cross-encoder/mmarco-mMiniLMv2-L12-H384-v1,policy_test_phv_2025_1301_mixed,mixed,False,Current-policy intent not activated; candidate set unchanged.,8,8,0.1147,1,1,policy_test_phv_2025_1301|policy_test_phv_2026_1002|policy_test_phv_2026_1902|policy_test_kfz_2026_1001|policy_test_phv_2026_1601,policy_test_phv_2025_1301|policy_test_phv_2026_1002|policy_test_phv_2026_1902|policy_test_kfz_2026_1001|policy_test_phv_2026_1601,1314.696,1148.480,903.979,803.196,811.593,768.152,True
cross-encoder/mmarco-mMiniLMv2-L12-H384-v1,policy_test_kfz_2026_1401_en,en,False,Current-policy intent not activated; candidate set unchanged.,8,8,0.1182,1,1,policy_test_kfz_2026_1401|policy_test_hh_2026_1402|policy_test_kfz_2026_1701|policy_test_kfz_2026_1001|policy_test_kfz_2026_1003,policy_test_kfz_2026_1401|policy_test_hh_2026_1402|policy_test_kfz_2026_1701|policy_test_kfz_2026_1001|policy_test_kfz_2026_1003,921.877,837.778,893.532,870.129,818.155,798.405,True
cross-encoder/mmarco-mMiniLMv2-L12-H384-v1,policy_test_kfz_2026_1401_de,de,False,Current-policy intent not activated; candidate set unchanged.,8,8,0.1311,1,1,policy_test_kfz_2026_1401|policy_test_hh_2026_1402|policy_test_kfz_2026_1701|policy_test_kfz_2026_1003|policy_test_kfz_2026_1001,policy_test_kfz_2026_1401|policy_test_hh_2026_1402|policy_test_kfz_2026_1701|policy_test_kfz_2026_1003|policy_test_kfz_2026_1001,1094.921,1013.751,965.536,841.754,818.760,811.727,True
cross-encoder/mmarco-mMiniLMv2-L12-H384-v1,policy_test_kfz_2026_1401_mixed,mixed,False,Current-policy intent not activated; candidate set unchanged.,8,8,0.1251,1,1,policy_test_kfz_2026_1401|policy_test_hh_2026_1402|policy_test_kfz_2026_1001|policy_test_kfz_2026_1003|policy_test_kfz_2026_1701,policy_test_kfz_2026_1401|policy_test_hh_2026_1402|policy_test_kfz_2026_1001|policy_test_kfz_2026_1003|policy_test_kfz_2026_1701,943.621,864.955,892.191,795.402,814.554,768.636,True
cross-encoder/mmarco-mMiniLMv2-L12-H384-v1,policy_test_hh_2026_1402_en,en,False,Current-policy intent not activated; candidate set unchanged.,8,8,0.1124,1,1,policy_test_hh_2026_1402|policy_test_kfz_2026_1401|policy_test_hh_2026_1201|policy_test_hh_2026_1801|policy_test_kfz_2026_1001,policy_test_hh_2026_1402|policy_test_kfz_2026_1401|policy_test_hh_2026_1201|policy_test_hh_2026_1801|policy_test_kfz_2026_1001,928.838,839.511,853.968,803.781,846.723,748.300,True
cross-encoder/mmarco-mMiniLMv2-L12-H384-v1,policy_test_hh_2026_1402_de,de,False,Current-policy intent not activated; candidate set unchanged.,8,8,0.1321,1,1,policy_test_hh_2026_1402|policy_test_kfz_2026_1401|policy_test_hh_2026_1201|policy_test_hh_2026_1801|policy_test_rs_2026_1702,policy_test_hh_2026_1402|policy_test_kfz_2026_1401|policy_test_hh_2026_1201|policy_test_hh_2026_1801|policy_test_rs_2026_1702,994.706,900.836,918.361,824.245,801.353,733.031,True
cross-encoder/mmarco-mMiniLMv2-L12-H384-v1,policy_test_hh_2026_1402_mixed,mixed,False,Current-policy intent not activated; candidate set unchanged.,8,8,0.1143,1,1,policy_test_hh_2026_1402|policy_test_kfz_2026_1401|policy_test_hh_2026_1201|policy_test_hh_2026_1801|policy_test_kfz_2026_1001,policy_test_hh_2026_1402|policy_test_kfz_2026_1401|policy_test_hh_2026_1201|policy_test_hh_2026_1801|policy_test_kfz_2026_1001,949.199,868.038,914.030,894.643,758.158,710.786,True
cross-encoder/mmarco-mMiniLMv2-L12-H384-v1,policy_test_rs_2026_1501_en,en,False,Current-policy intent not activated; candidate set unchanged.,8,8,0.1229,1,1,policy_test_rs_2026_1501|policy_test_rs_2026_1702|policy_test_rs_2026_1202|policy_test_phv_2026_1002|policy_test_kfz_2026_1001,policy_test_rs_2026_1501|policy_test_rs_2026_1702|policy_test_rs_2026_1202|policy_test_phv_2026_1002|policy_test_kfz_2026_1001,913.287,905.693,947.436,841.077,809.073,720.560,True
cross-encoder/mmarco-mMiniLMv2-L12-H384-v1,policy_test_rs_2026_1501_de,de,False,Current-policy intent not activated; candidate set unchanged.,8,8,0.1976,1,1,policy_test_rs_2026_1501|policy_test_rs_2026_1702|policy_test_phv_2026_1002|policy_test_rs_2026_1202|policy_test_kfz_2026_1001,policy_test_rs_2026_1501|policy_test_rs_2026_1702|policy_test_phv_2026_1002|policy_test_rs_2026_1202|policy_test_kfz_2026_1001,924.487,883.424,961.898,929.441,897.882,928.645,True
cross-encoder/mmarco-mMiniLMv2-L12-H384-v1,policy_test_rs_2026_1501_mixed,mixed,False,Current-policy intent not activated; candidate set unchanged.,8,8,0.1438,1,1,policy_test_rs_2026_1501|policy_test_kfz_2026_1001|policy_test_rs_2026_1702|policy_test_rs_2026_1202|policy_test_phv_2026_1002,policy_test_rs_2026_1501|policy_test_kfz_2026_1001|policy_test_rs_2026_1702|policy_test_rs_2026_1202|policy_test_phv_2026_1002,1038.234,974.680,1008.494,897.639,959.738,789.402,True
cross-encoder/mmarco-mMiniLMv2-L12-H384-v1,policy_test_phv_2026_1601_en,en,False,Current-policy intent not activated; candidate set unchanged.,8,8,0.1543,1,1,policy_test_phv_2026_1601|policy_test_phv_2026_1002|policy_test_phv_2026_1902|policy_test_kfz_2026_1401|policy_test_kfz_2026_1001,policy_test_phv_2026_1601|policy_test_phv_2026_1002|policy_test_phv_2026_1902|policy_test_kfz_2026_1401|policy_test_kfz_2026_1001,952.259,882.628,936.821,830.710,845.514,783.235,True
cross-encoder/mmarco-mMiniLMv2-L12-H384-v1,policy_test_phv_2026_1601_de,de,False,Current-policy intent not activated; candidate set unchanged.,8,8,0.1299,1,1,policy_test_phv_2026_1601|policy_test_phv_2025_1301|policy_test_phv_2026_1002|policy_test_kfz_2026_1401|policy_test_phv_2026_1902,policy_test_phv_2026_1601|policy_test_phv_2025_1301|policy_test_phv_2026_1002|policy_test_kfz_2026_1401|policy_test_phv_2026_1902,981.766,970.560,983.108,956.354,814.385,833.816,True
cross-encoder/mmarco-mMiniLMv2-L12-H384-v1,policy_test_phv_2026_1601_mixed,mixed,False,Current-policy intent not activated; candidate set unchanged.,8,8,0.1164,1,1,policy_test_phv_2026_1601|policy_test_phv_2026_1002|policy_test_phv_2026_1902|policy_test_phv_2025_1301|policy_test_kfz_2026_1001,policy_test_phv_2026_1601|policy_test_phv_2026_1002|policy_test_phv_2026_1902|policy_test_phv_2025_1301|policy_test_kfz_2026_1001,1002.544,1063.098,1079.364,935.284,955.147,945.589,True
cross-encoder/mmarco-mMiniLMv2-L12-H384-v1,policy_test_kfz_2026_1701_en,en,False,Current-policy intent not activated; candidate set unchanged.,8,8,0.1407,1,1,policy_test_kfz_2026_1701|policy_test_rs_2026_1702|policy_test_kfz_2026_1901|policy_test_kfz_2026_1401|policy_test_kfz_2026_1001,policy_test_kfz_2026_1701|policy_test_rs_2026_1702|policy_test_kfz_2026_1901|policy_test_kfz_2026_1401|policy_test_kfz_2026_1001,2227.207,1155.781,999.994,1139.235,2380.910,1049.111,True
cross-encoder/mmarco-mMiniLMv2-L12-H384-v1,policy_test_kfz_2026_1701_de,de,False,Current-policy intent not activated; candidate set unchanged.,8,8,0.1430,1,1,policy_test_kfz_2026_1701|policy_test_rs_2026_1702|policy_test_kfz_2026_1401|policy_test_kfz_2026_1901|policy_test_kfz_2026_1003,policy_test_kfz_2026_1701|policy_test_rs_2026_1702|policy_test_kfz_2026_1401|policy_test_kfz_2026_1901|policy_test_kfz_2026_1003,1046.963,982.132,980.147,873.496,771.409,995.307,True
cross-encoder/mmarco-mMiniLMv2-L12-H384-v1,policy_test_kfz_2026_1701_mixed,mixed,False,Current-policy intent not activated; candidate set unchanged.,8,8,0.1086,1,1,policy_test_kfz_2026_1701|policy_test_rs_2026_1702|policy_test_kfz_2026_1901|policy_test_kfz_2026_1401|policy_test_kfz_2026_1003,policy_test_kfz_2026_1701|policy_test_rs_2026_1702|policy_test_kfz_2026_1901|policy_test_kfz_2026_1401|policy_test_kfz_2026_1003,1570.706,1007.021,1053.341,969.452,866.917,963.477,True
cross-encoder/mmarco-mMiniLMv2-L12-H384-v1,policy_test_rs_2026_1702_en,en,False,Current-policy intent not activated; candidate set unchanged.,8,8,0.1146,1,1,policy_test_rs_2026_1702|policy_test_kfz_2026_1701|policy_test_rs_2026_1501|policy_test_rs_2026_1202|policy_test_hh_2026_1402,policy_test_rs_2026_1702|policy_test_kfz_2026_1701|policy_test_rs_2026_1501|policy_test_rs_2026_1202|policy_test_hh_2026_1402,1119.502,980.517,1093.452,903.911,930.092,835.151,True
cross-encoder/mmarco-mMiniLMv2-L12-H384-v1,policy_test_rs_2026_1702_de,de,False,Current-policy intent not activated; candidate set unchanged.,8,8,0.3026,1,1,policy_test_rs_2026_1702|policy_test_kfz_2026_1701|policy_test_hh_2026_1402|policy_test_rs_2026_1501|policy_test_kfz_2026_1001,policy_test_rs_2026_1702|policy_test_kfz_2026_1701|policy_test_hh_2026_1402|policy_test_rs_2026_1501|policy_test_kfz_2026_1001,1056.299,999.547,1051.795,892.155,915.896,894.259,True
cross-encoder/mmarco-mMiniLMv2-L12-H384-v1,policy_test_rs_2026_1702_mixed,mixed,False,Current-policy intent not activated; candidate set unchanged.,8,8,0.1420,1,1,policy_test_rs_2026_1702|policy_test_kfz_2026_1701|policy_test_hh_2026_1402|policy_test_rs_2026_1501|policy_test_kfz_2026_1001,policy_test_rs_2026_1702|policy_test_kfz_2026_1701|policy_test_hh_2026_1402|policy_test_rs_2026_1501|policy_test_kfz_2026_1001,1031.358,1001.887,929.323,957.334,851.925,849.047,True
cross-encoder/mmarco-mMiniLMv2-L12-H384-v1,policy_test_hh_2026_1801_en,en,False,Current-policy intent not activated; candidate set unchanged.,8,8,0.1612,1,1,policy_test_hh_2026_1801|policy_test_hh_2026_1402|policy_test_hh_2026_1201|policy_test_rs_2026_1202|policy_test_kfz_2026_1001,policy_test_hh_2026_1801|policy_test_hh_2026_1402|policy_test_hh_2026_1201|policy_test_rs_2026_1202|policy_test_kfz_2026_1001,1019.936,911.654,1018.155,840.026,838.312,873.922,True
cross-encoder/mmarco-mMiniLMv2-L12-H384-v1,policy_test_hh_2026_1801_de,de,False,Current-policy intent not activated; candidate set unchanged.,8,8,0.1641,1,1,policy_test_hh_2026_1801|policy_test_hh_2026_1402|policy_test_hh_2026_1201|policy_test_phv_2026_1002|policy_test_kfz_2026_1001,policy_test_hh_2026_1801|policy_test_hh_2026_1402|policy_test_hh_2026_1201|policy_test_phv_2026_1002|policy_test_kfz_2026_1001,1071.179,889.520,901.613,806.850,798.340,722.361,True
cross-encoder/mmarco-mMiniLMv2-L12-H384-v1,policy_test_hh_2026_1801_mixed,mixed,False,Current-policy intent not activated; candidate set unchanged.,8,8,0.1182,1,1,policy_test_hh_2026_1801|policy_test_hh_2026_1402|policy_test_hh_2026_1201|policy_test_kfz_2026_1001|policy_test_phv_2026_1002,policy_test_hh_2026_1801|policy_test_hh_2026_1402|policy_test_hh_2026_1201|policy_test_kfz_2026_1001|policy_test_phv_2026_1002,888.695,829.834,858.805,779.644,809.963,705.381,True
cross-encoder/mmarco-mMiniLMv2-L12-H384-v1,policy_test_kfz_2026_1901_en,en,False,Current-policy intent not activated; candidate set unchanged.,8,8,0.1606,1,1,policy_test_kfz_2026_1901|policy_test_phv_2026_1902|policy_test_kfz_2026_1003|policy_test_kfz_2026_1101|policy_test_kfz_2026_1001,policy_test_kfz_2026_1901|policy_test_phv_2026_1902|policy_test_kfz_2026_1003|policy_test_kfz_2026_1101|policy_test_kfz_2026_1001,737.986,724.588,759.541,862.573,761.820,836.864,True
cross-encoder/mmarco-mMiniLMv2-L12-H384-v1,policy_test_kfz_2026_1901_de,de,False,Current-policy intent not activated; candidate set unchanged.,8,8,0.1333,1,1,policy_test_kfz_2026_1901|policy_test_phv_2026_1902|policy_test_kfz_2026_1003|policy_test_kfz_2026_1701|policy_test_kfz_2026_1101,policy_test_kfz_2026_1901|policy_test_phv_2026_1902|policy_test_kfz_2026_1003|policy_test_kfz_2026_1701|policy_test_kfz_2026_1101,961.459,926.559,924.279,875.938,830.281,810.518,True
cross-encoder/mmarco-mMiniLMv2-L12-H384-v1,policy_test_kfz_2026_1901_mixed,mixed,False,Current-policy intent not activated; candidate set unchanged.,8,8,0.1216,1,1,policy_test_kfz_2026_1901|policy_test_phv_2026_1902|policy_test_kfz_2026_1003|policy_test_kfz_2026_1001|policy_test_kfz_2026_1701,policy_test_kfz_2026_1901|policy_test_phv_2026_1902|policy_test_kfz_2026_1003|policy_test_kfz_2026_1001|policy_test_kfz_2026_1701,935.293,883.038,899.526,804.915,825.838,775.215,True
cross-encoder/mmarco-mMiniLMv2-L12-H384-v1,policy_test_phv_2026_1902_en,en,False,Current-policy intent not activated; candidate set unchanged.,8,8,0.1136,1,1,policy_test_phv_2026_1902|policy_test_kfz_2026_1901|policy_test_phv_2026_1002|policy_test_phv_2026_1601|policy_test_kfz_2026_1003,policy_test_phv_2026_1902|policy_test_kfz_2026_1901|policy_test_phv_2026_1002|policy_test_phv_2026_1601|policy_test_kfz_2026_1003,974.896,944.837,945.930,821.354,818.578,821.727,True
cross-encoder/mmarco-mMiniLMv2-L12-H384-v1,policy_test_phv_2026_1902_de,de,False,Current-policy intent not activated; candidate set unchanged.,8,8,0.1956,1,1,policy_test_phv_2026_1902|policy_test_kfz_2026_1901|policy_test_phv_2026_1002|policy_test_phv_2026_1601|policy_test_kfz_2026_1003,policy_test_phv_2026_1902|policy_test_kfz_2026_1901|policy_test_phv_2026_1002|policy_test_phv_2026_1601|policy_test_kfz_2026_1003,950.812,926.495,957.636,1038.545,1403.552,966.706,True
cross-encoder/mmarco-mMiniLMv2-L12-H384-v1,policy_test_phv_2026_1902_mixed,mixed,False,Current-policy intent not activated; candidate set unchanged.,8,8,0.1164,1,1,policy_test_phv_2026_1902|policy_test_kfz_2026_1901|policy_test_kfz_2026_1003|policy_test_phv_2026_1002|policy_test_phv_2026_1601,policy_test_phv_2026_1902|policy_test_kfz_2026_1901|policy_test_kfz_2026_1003|policy_test_phv_2026_1002|policy_test_phv_2026_1601,1320.839,1399.380,1057.000,926.166,812.736,903.847,True
cross-encoder/mmarco-mMiniLMv2-L12-H384-v1,claim_test_clm_2026_2001_en,en,False,Current-policy intent not activated; candidate set unchanged.,8,8,0.1192,1,1,claim_test_clm_2026_2001|claim_test_clm_2026_2602|claim_test_clm_2026_2501|claim_test_clm_2026_2301|claim_test_clm_2026_2201,claim_test_clm_2026_2001|claim_test_clm_2026_2602|claim_test_clm_2026_2501|claim_test_clm_2026_2301|claim_test_clm_2026_2201,1079.454,840.377,960.308,848.462,817.004,850.470,True
cross-encoder/mmarco-mMiniLMv2-L12-H384-v1,claim_test_clm_2026_2001_de,de,False,Current-policy intent not activated; candidate set unchanged.,8,8,0.1198,1,1,claim_test_clm_2026_2001|claim_test_clm_2026_2501|claim_test_clm_2026_2602|claim_test_clm_2026_2401|claim_test_clm_2026_2201,claim_test_clm_2026_2001|claim_test_clm_2026_2501|claim_test_clm_2026_2602|claim_test_clm_2026_2401|claim_test_clm_2026_2201,962.021,1018.775,985.994,959.655,914.480,869.139,True
cross-encoder/mmarco-mMiniLMv2-L12-H384-v1,claim_test_clm_2026_2101_en,en,False,Current-policy intent not activated; candidate set unchanged.,8,8,0.0971,1,1,claim_test_clm_2026_2101|claim_test_clm_2026_2601|claim_test_clm_2026_2401|claim_test_clm_2026_2201|claim_test_clm_2026_2301,claim_test_clm_2026_2101|claim_test_clm_2026_2601|claim_test_clm_2026_2401|claim_test_clm_2026_2201|claim_test_clm_2026_2301,935.108,1011.130,1002.399,940.721,875.349,776.254,True
cross-encoder/mmarco-mMiniLMv2-L12-H384-v1,claim_test_clm_2026_2101_de,de,False,Current-policy intent not activated; candidate set unchanged.,8,8,0.1090,1,1,claim_test_clm_2026_2101|claim_test_clm_2026_2401|claim_test_clm_2026_2601|claim_test_clm_2026_2201|claim_test_clm_2026_2001,claim_test_clm_2026_2101|claim_test_clm_2026_2401|claim_test_clm_2026_2601|claim_test_clm_2026_2201|claim_test_clm_2026_2001,1046.820,1137.513,986.288,964.801,779.680,848.700,True
cross-encoder/mmarco-mMiniLMv2-L12-H384-v1,claim_test_clm_2026_2201_en,en,False,Current-policy intent not activated; candidate set unchanged.,8,8,0.1068,1,1,claim_test_clm_2026_2201|claim_test_clm_2026_2001|claim_test_clm_2026_2401|claim_test_clm_2026_2301|claim_test_clm_2026_2101,claim_test_clm_2026_2201|claim_test_clm_2026_2001|claim_test_clm_2026_2401|claim_test_clm_2026_2301|claim_test_clm_2026_2101,1004.222,876.040,1015.141,836.216,876.157,797.124,True
cross-encoder/mmarco-mMiniLMv2-L12-H384-v1,claim_test_clm_2026_2201_de,de,False,Current-policy intent not activated; candidate set unchanged.,8,8,0.1190,1,1,claim_test_clm_2026_2201|claim_test_clm_2026_2001|claim_test_clm_2026_2501|claim_test_clm_2026_2401|claim_test_clm_2026_2301,claim_test_clm_2026_2201|claim_test_clm_2026_2001|claim_test_clm_2026_2501|claim_test_clm_2026_2401|claim_test_clm_2026_2301,1099.281,832.160,880.628,783.175,812.040,770.492,True
cross-encoder/mmarco-mMiniLMv2-L12-H384-v1,claim_test_clm_2026_2301_en,en,False,Current-policy intent not activated; candidate set unchanged.,8,8,0.1002,1,1,claim_test_clm_2026_2301|claim_test_clm_2026_2401|claim_test_clm_2026_2602|claim_test_clm_2026_2201|claim_test_clm_2026_2001,claim_test_clm_2026_2301|claim_test_clm_2026_2401|claim_test_clm_2026_2602|claim_test_clm_2026_2201|claim_test_clm_2026_2001,850.202,837.522,856.212,748.860,821.787,687.890,True
cross-encoder/mmarco-mMiniLMv2-L12-H384-v1,claim_test_clm_2026_2301_de,de,False,Current-policy intent not activated; candidate set unchanged.,8,8,0.1304,1,1,claim_test_clm_2026_2301|claim_test_clm_2026_2401|claim_test_clm_2026_2501|claim_test_clm_2026_2201|claim_test_clm_2026_2602,claim_test_clm_2026_2301|claim_test_clm_2026_2401|claim_test_clm_2026_2501|claim_test_clm_2026_2201|claim_test_clm_2026_2602,756.501,843.544,698.295,689.484,663.980,659.553,True
cross-encoder/mmarco-mMiniLMv2-L12-H384-v1,claim_test_clm_2026_2401_en,en,False,Current-policy intent not activated; candidate set unchanged.,8,8,0.1000,1,1,claim_test_clm_2026_2401|claim_test_clm_2026_2602|claim_test_clm_2026_2601|claim_test_clm_2026_2101|claim_test_clm_2026_2301,claim_test_clm_2026_2401|claim_test_clm_2026_2602|claim_test_clm_2026_2601|claim_test_clm_2026_2101|claim_test_clm_2026_2301,832.954,906.251,908.796,821.333,824.304,736.842,True
cross-encoder/mmarco-mMiniLMv2-L12-H384-v1,claim_test_clm_2026_2401_de,de,False,Current-policy intent not activated; candidate set unchanged.,8,8,0.1147,1,1,claim_test_clm_2026_2401|claim_test_clm_2026_2101|claim_test_clm_2026_2602|claim_test_clm_2026_2601|claim_test_clm_2026_2301,claim_test_clm_2026_2401|claim_test_clm_2026_2101|claim_test_clm_2026_2602|claim_test_clm_2026_2601|claim_test_clm_2026_2301,901.961,886.113,1001.783,857.178,826.733,757.045,True
cross-encoder/mmarco-mMiniLMv2-L12-H384-v1,claim_test_clm_2026_2501_en,en,False,Current-policy intent not activated; candidate set unchanged.,8,8,0.1857,1,1,claim_test_clm_2026_2501|claim_test_clm_2026_2602|claim_test_clm_2026_2001|claim_test_clm_2026_2301|claim_test_clm_2026_2201,claim_test_clm_2026_2501|claim_test_clm_2026_2602|claim_test_clm_2026_2001|claim_test_clm_2026_2301|claim_test_clm_2026_2201,849.871,804.638,851.391,785.295,828.516,728.858,True
cross-encoder/mmarco-mMiniLMv2-L12-H384-v1,claim_test_clm_2026_2501_de,de,False,Current-policy intent not activated; candidate set unchanged.,8,8,0.1090,1,1,claim_test_clm_2026_2501|claim_test_clm_2026_2602|claim_test_clm_2026_2001|claim_test_clm_2026_2301|claim_test_clm_2026_2201,claim_test_clm_2026_2501|claim_test_clm_2026_2602|claim_test_clm_2026_2001|claim_test_clm_2026_2301|claim_test_clm_2026_2201,748.356,729.887,751.655,714.998,713.066,716.915,True
cross-encoder/mmarco-mMiniLMv2-L12-H384-v1,claim_test_clm_2026_2601_en,en,False,Current-policy intent not activated; candidate set unchanged.,8,8,0.1209,1,1,claim_test_clm_2026_2601|claim_test_clm_2026_2602|claim_test_clm_2026_2101|claim_test_clm_2026_2401|claim_test_clm_2026_2501,claim_test_clm_2026_2601|claim_test_clm_2026_2602|claim_test_clm_2026_2101|claim_test_clm_2026_2401|claim_test_clm_2026_2501,853.559,805.641,933.111,763.484,851.646,728.329,True
cross-encoder/mmarco-mMiniLMv2-L12-H384-v1,claim_test_clm_2026_2601_de,de,False,Current-policy intent not activated; candidate set unchanged.,8,8,0.1277,1,1,claim_test_clm_2026_2601|claim_test_clm_2026_2602|claim_test_clm_2026_2101|claim_test_clm_2026_2401|claim_test_clm_2026_2501,claim_test_clm_2026_2601|claim_test_clm_2026_2602|claim_test_clm_2026_2101|claim_test_clm_2026_2401|claim_test_clm_2026_2501,1038.972,1543.649,907.629,1094.816,1241.130,990.346,True
cross-encoder/mmarco-mMiniLMv2-L12-H384-v1,claim_test_clm_2026_2602_en,en,False,Current-policy intent not activated; candidate set unchanged.,8,8,0.0939,1,1,claim_test_clm_2026_2602|claim_test_clm_2026_2601|claim_test_clm_2026_2501|claim_test_clm_2026_2001|claim_test_clm_2026_2101,claim_test_clm_2026_2602|claim_test_clm_2026_2601|claim_test_clm_2026_2501|claim_test_clm_2026_2001|claim_test_clm_2026_2101,1021.016,972.905,922.186,919.661,827.169,781.077,True
cross-encoder/mmarco-mMiniLMv2-L12-H384-v1,claim_test_clm_2026_2602_de,de,False,Current-policy intent not activated; candidate set unchanged.,8,8,0.1138,1,1,claim_test_clm_2026_2602|claim_test_clm_2026_2601|claim_test_clm_2026_2501|claim_test_clm_2026_2001|claim_test_clm_2026_2201,claim_test_clm_2026_2602|claim_test_clm_2026_2601|claim_test_clm_2026_2501|claim_test_clm_2026_2001|claim_test_clm_2026_2201,1070.832,905.960,991.555,866.379,927.846,799.792,True
BAAI/bge-reranker-base,policy_test_kfz_2026_1001_en,en,False,Current-policy intent not activated; candidate set unchanged.,8,8,0.2202,1,1,policy_test_kfz_2026_1001|policy_test_kfz_2026_1003|policy_test_phv_2026_1002|policy_test_kfz_2026_1101|policy_test_kfz_2026_1901,policy_test_kfz_2026_1001|policy_test_kfz_2026_1003|policy_test_phv_2026_1002|policy_test_kfz_2026_1101|policy_test_kfz_2026_1901,11045.161,11094.205,15334.335,13102.475,11235.704,14016.212,True
BAAI/bge-reranker-base,policy_test_kfz_2026_1001_de,de,False,Current-policy intent not activated; candidate set unchanged.,8,8,0.1843,1,1,policy_test_kfz_2026_1001|policy_test_kfz_2026_1003|policy_test_phv_2026_1002|policy_test_kfz_2026_1401|policy_test_kfz_2026_1901,policy_test_kfz_2026_1001|policy_test_kfz_2026_1003|policy_test_phv_2026_1002|policy_test_kfz_2026_1401|policy_test_kfz_2026_1901,14368.287,11685.726,13435.384,11737.754,7369.768,9512.213,True
BAAI/bge-reranker-base,policy_test_kfz_2026_1001_mixed,mixed,False,Current-policy intent not activated; candidate set unchanged.,8,8,0.1265,1,1,policy_test_kfz_2026_1001|policy_test_kfz_2026_1003|policy_test_phv_2026_1002|policy_test_kfz_2026_1101|policy_test_kfz_2026_1901,policy_test_kfz_2026_1001|policy_test_kfz_2026_1003|policy_test_phv_2026_1002|policy_test_kfz_2026_1101|policy_test_kfz_2026_1901,8646.177,12213.240,11351.816,13640.815,13974.393,13920.285,True
BAAI/bge-reranker-base,policy_test_phv_2026_1002_en,en,False,Current-policy intent not activated; candidate set unchanged.,8,8,0.3208,1,1,policy_test_phv_2026_1002|policy_test_kfz_2026_1001|policy_test_kfz_2026_1003|policy_test_phv_2026_1902|policy_test_phv_2026_1601,policy_test_phv_2026_1002|policy_test_kfz_2026_1001|policy_test_kfz_2026_1003|policy_test_phv_2026_1902|policy_test_phv_2026_1601,14415.513,13869.918,12288.487,19271.042,10329.868,18382.897,True
BAAI/bge-reranker-base,policy_test_phv_2026_1002_de,de,False,Current-policy intent not activated; candidate set unchanged.,8,8,0.1786,1,1,policy_test_phv_2026_1002|policy_test_kfz_2026_1001|policy_test_kfz_2026_1003|policy_test_kfz_2026_1101|policy_test_phv_2026_1601,policy_test_phv_2026_1002|policy_test_kfz_2026_1001|policy_test_kfz_2026_1003|policy_test_kfz_2026_1101|policy_test_phv_2026_1601,16761.116,14778.161,13860.141,12565.884,14661.153,16399.867,True
BAAI/bge-reranker-base,policy_test_phv_2026_1002_mixed,mixed,False,Current-policy intent not activated; candidate set unchanged.,8,8,0.2134,1,1,policy_test_phv_2026_1002|policy_test_kfz_2026_1001|policy_test_kfz_2026_1003|policy_test_kfz_2026_1101|policy_test_phv_2026_1601,policy_test_phv_2026_1002|policy_test_kfz_2026_1001|policy_test_kfz_2026_1003|policy_test_kfz_2026_1101|policy_test_phv_2026_1601,11010.519,10937.846,10743.591,13394.457,13950.990,11456.236,True
BAAI/bge-reranker-base,policy_test_kfz_2026_1003_en,en,True,Selected active policy with the latest start date covering the reference date.,8,1,3.8764,2,1,policy_test_kfz_2026_1001|policy_test_kfz_2026_1003|policy_test_phv_2026_1002|policy_test_kfz_2026_1901|policy_test_kfz_2026_1101,policy_test_kfz_2026_1003,11756.236,11887.180,13791.706,5571.439,3667.080,3676.845,True
BAAI/bge-reranker-base,policy_test_kfz_2026_1003_de,de,True,Selected active policy with the latest start date covering the reference date.,8,1,1.2469,2,1,policy_test_kfz_2026_1001|policy_test_kfz_2026_1003|policy_test_phv_2026_1002|policy_test_kfz_2026_1401|policy_test_kfz_2026_1101,policy_test_kfz_2026_1003,11698.009,8310.935,12164.295,5979.658,4825.267,6203.308,True
BAAI/bge-reranker-base,policy_test_kfz_2026_1003_mixed,mixed,True,Selected active policy with the latest start date covering the reference date.,8,1,1.1869,2,1,policy_test_kfz_2026_1001|policy_test_kfz_2026_1003|policy_test_phv_2026_1002|policy_test_kfz_2026_1101|policy_test_kfz_2026_1901,policy_test_kfz_2026_1003,12157.413,11676.558,11781.117,5750.012,4959.764,4211.131,True
BAAI/bge-reranker-base,policy_test_kfz_2026_1101_en,en,False,Current-policy intent not activated; candidate set unchanged.,8,8,0.1083,1,1,policy_test_kfz_2026_1101|policy_test_kfz_2026_1401|policy_test_kfz_2026_1001|policy_test_kfz_2026_1901|policy_test_kfz_2026_1701,policy_test_kfz_2026_1101|policy_test_kfz_2026_1401|policy_test_kfz_2026_1001|policy_test_kfz_2026_1901|policy_test_kfz_2026_1701,12019.376,12821.252,7574.513,5265.231,5748.796,5547.215,True
BAAI/bge-reranker-base,policy_test_kfz_2026_1101_de,de,False,Current-policy intent not activated; candidate set unchanged.,8,8,0.1372,1,1,policy_test_kfz_2026_1101|policy_test_kfz_2026_1401|policy_test_kfz_2026_1901|policy_test_kfz_2026_1001|policy_test_kfz_2026_1701,policy_test_kfz_2026_1101|policy_test_kfz_2026_1401|policy_test_kfz_2026_1901|policy_test_kfz_2026_1001|policy_test_kfz_2026_1701,5549.465,5028.141,5767.021,5918.424,5564.236,6143.256,True
BAAI/bge-reranker-base,policy_test_kfz_2026_1101_mixed,mixed,False,Current-policy intent not activated; candidate set unchanged.,8,8,0.1144,1,1,policy_test_kfz_2026_1101|policy_test_kfz_2026_1401|policy_test_kfz_2026_1901|policy_test_kfz_2026_1001|policy_test_kfz_2026_1701,policy_test_kfz_2026_1101|policy_test_kfz_2026_1401|policy_test_kfz_2026_1901|policy_test_kfz_2026_1001|policy_test_kfz_2026_1701,6129.841,6116.642,5487.321,5291.540,5293.055,5340.869,True
BAAI/bge-reranker-base,policy_test_hh_2026_1201_en,en,False,Current-policy intent not activated; candidate set unchanged.,8,8,0.1403,1,1,policy_test_hh_2026_1201|policy_test_rs_2026_1202|policy_test_hh_2026_1402|policy_test_phv_2026_1002|policy_test_rs_2026_1702,policy_test_hh_2026_1201|policy_test_rs_2026_1202|policy_test_hh_2026_1402|policy_test_phv_2026_1002|policy_test_rs_2026_1702,5311.386,5462.189,5594.799,5421.156,5168.291,5671.559,True
BAAI/bge-reranker-base,policy_test_hh_2026_1201_de,de,False,Current-policy intent not activated; candidate set unchanged.,8,8,0.1390,1,1,policy_test_hh_2026_1201|policy_test_rs_2026_1202|policy_test_rs_2026_1702|policy_test_hh_2026_1402|policy_test_kfz_2026_1001,policy_test_hh_2026_1201|policy_test_rs_2026_1202|policy_test_rs_2026_1702|policy_test_hh_2026_1402|policy_test_kfz_2026_1001,5374.069,5479.555,5588.866,5737.010,5744.004,5593.505,True
BAAI/bge-reranker-base,policy_test_hh_2026_1201_mixed,mixed,False,Current-policy intent not activated; candidate set unchanged.,8,8,0.1903,1,1,policy_test_hh_2026_1201|policy_test_rs_2026_1202|policy_test_rs_2026_1702|policy_test_phv_2026_1002|policy_test_hh_2026_1402,policy_test_hh_2026_1201|policy_test_rs_2026_1202|policy_test_rs_2026_1702|policy_test_phv_2026_1002|policy_test_hh_2026_1402,5375.525,5230.967,5236.862,5222.208,5220.674,5096.282,True
BAAI/bge-reranker-base,policy_test_rs_2026_1202_en,en,False,Current-policy intent not activated; candidate set unchanged.,8,8,1.2747,1,1,policy_test_rs_2026_1202|policy_test_hh_2026_1201|policy_test_hh_2026_1801|policy_test_rs_2026_1501|policy_test_rs_2026_1702,policy_test_rs_2026_1202|policy_test_hh_2026_1201|policy_test_hh_2026_1801|policy_test_rs_2026_1501|policy_test_rs_2026_1702,5051.704,5072.137,5039.971,5095.912,5065.046,5112.164,True
BAAI/bge-reranker-base,policy_test_rs_2026_1202_de,de,False,Current-policy intent not activated; candidate set unchanged.,8,8,0.1497,1,1,policy_test_rs_2026_1202|policy_test_hh_2026_1201|policy_test_hh_2026_1801|policy_test_rs_2026_1501|policy_test_rs_2026_1702,policy_test_rs_2026_1202|policy_test_hh_2026_1201|policy_test_hh_2026_1801|policy_test_rs_2026_1501|policy_test_rs_2026_1702,4888.626,4678.269,4595.071,4762.870,4527.868,4519.111,True
BAAI/bge-reranker-base,policy_test_rs_2026_1202_mixed,mixed,False,Current-policy intent not activated; candidate set unchanged.,8,8,0.1853,1,1,policy_test_rs_2026_1202|policy_test_hh_2026_1201|policy_test_hh_2026_1801|policy_test_kfz_2026_1001|policy_test_phv_2026_1002,policy_test_rs_2026_1202|policy_test_hh_2026_1201|policy_test_hh_2026_1801|policy_test_kfz_2026_1001|policy_test_phv_2026_1002,4681.239,5179.012,5046.089,5533.491,5327.752,5499.681,True
BAAI/bge-reranker-base,policy_test_phv_2025_1301_en,en,False,Current-policy intent not activated; candidate set unchanged.,8,8,0.1164,1,1,policy_test_phv_2025_1301|policy_test_phv_2026_1902|policy_test_phv_2026_1002|policy_test_phv_2026_1601|policy_test_kfz_2026_1401,policy_test_phv_2025_1301|policy_test_phv_2026_1902|policy_test_phv_2026_1002|policy_test_phv_2026_1601|policy_test_kfz_2026_1401,5299.349,5275.656,5072.697,5113.015,4889.900,4492.286,True
BAAI/bge-reranker-base,policy_test_phv_2025_1301_de,de,False,Current-policy intent not activated; candidate set unchanged.,8,8,0.1346,1,1,policy_test_phv_2025_1301|policy_test_phv_2026_1902|policy_test_phv_2026_1601|policy_test_phv_2026_1002|policy_test_kfz_2026_1003,policy_test_phv_2025_1301|policy_test_phv_2026_1902|policy_test_phv_2026_1601|policy_test_phv_2026_1002|policy_test_kfz_2026_1003,4753.479,4570.545,4448.602,4888.795,4742.691,5711.871,True
BAAI/bge-reranker-base,policy_test_phv_2025_1301_mixed,mixed,False,Current-policy intent not activated; candidate set unchanged.,8,8,0.1210,1,1,policy_test_phv_2025_1301|policy_test_phv_2026_1002|policy_test_phv_2026_1601|policy_test_phv_2026_1902|policy_test_kfz_2026_1001,policy_test_phv_2025_1301|policy_test_phv_2026_1002|policy_test_phv_2026_1601|policy_test_phv_2026_1902|policy_test_kfz_2026_1001,5181.482,5235.840,5410.660,5281.641,5119.070,5406.198,True
BAAI/bge-reranker-base,policy_test_kfz_2026_1401_en,en,False,Current-policy intent not activated; candidate set unchanged.,8,8,0.1164,1,1,policy_test_kfz_2026_1401|policy_test_hh_2026_1402|policy_test_kfz_2026_1001|policy_test_kfz_2026_1101|policy_test_kfz_2026_1701,policy_test_kfz_2026_1401|policy_test_hh_2026_1402|policy_test_kfz_2026_1001|policy_test_kfz_2026_1101|policy_test_kfz_2026_1701,5256.913,4759.763,4394.942,4587.470,4423.702,4417.222,True
BAAI/bge-reranker-base,policy_test_kfz_2026_1401_de,de,False,Current-policy intent not activated; candidate set unchanged.,8,8,0.1244,1,1,policy_test_kfz_2026_1401|policy_test_hh_2026_1402|policy_test_kfz_2026_1101|policy_test_kfz_2026_1701|policy_test_kfz_2026_1901,policy_test_kfz_2026_1401|policy_test_hh_2026_1402|policy_test_kfz_2026_1101|policy_test_kfz_2026_1701|policy_test_kfz_2026_1901,4979.624,5122.848,5168.828,4912.933,4610.543,4893.179,True
BAAI/bge-reranker-base,policy_test_kfz_2026_1401_mixed,mixed,False,Current-policy intent not activated; candidate set unchanged.,8,8,0.1145,1,1,policy_test_kfz_2026_1401|policy_test_hh_2026_1402|policy_test_kfz_2026_1101|policy_test_kfz_2026_1701|policy_test_kfz_2026_1001,policy_test_kfz_2026_1401|policy_test_hh_2026_1402|policy_test_kfz_2026_1101|policy_test_kfz_2026_1701|policy_test_kfz_2026_1001,4449.481,4537.840,5010.646,5843.678,5647.114,5487.778,True
BAAI/bge-reranker-base,policy_test_hh_2026_1402_en,en,False,Current-policy intent not activated; candidate set unchanged.,8,8,0.1266,1,1,policy_test_hh_2026_1402|policy_test_kfz_2026_1401|policy_test_hh_2026_1201|policy_test_rs_2026_1702|policy_test_kfz_2026_1001,policy_test_hh_2026_1402|policy_test_kfz_2026_1401|policy_test_hh_2026_1201|policy_test_rs_2026_1702|policy_test_kfz_2026_1001,5485.131,5114.009,5207.017,5737.142,5048.573,4945.792,True
BAAI/bge-reranker-base,policy_test_hh_2026_1402_de,de,False,Current-policy intent not activated; candidate set unchanged.,8,8,0.1605,1,1,policy_test_hh_2026_1402|policy_test_kfz_2026_1401|policy_test_rs_2026_1702|policy_test_hh_2026_1201|policy_test_kfz_2026_1001,policy_test_hh_2026_1402|policy_test_kfz_2026_1401|policy_test_rs_2026_1702|policy_test_hh_2026_1201|policy_test_kfz_2026_1001,4515.680,4463.642,4933.690,4446.936,4478.128,4881.103,True
BAAI/bge-reranker-base,policy_test_hh_2026_1402_mixed,mixed,False,Current-policy intent not activated; candidate set unchanged.,8,8,0.1181,1,1,policy_test_hh_2026_1402|policy_test_kfz_2026_1401|policy_test_rs_2026_1702|policy_test_kfz_2026_1001|policy_test_hh_2026_1201,policy_test_hh_2026_1402|policy_test_kfz_2026_1401|policy_test_rs_2026_1702|policy_test_kfz_2026_1001|policy_test_hh_2026_1201,4359.812,4299.902,4537.784,4469.793,4256.964,4562.935,True
BAAI/bge-reranker-base,policy_test_rs_2026_1501_en,en,False,Current-policy intent not activated; candidate set unchanged.,8,8,0.1138,1,1,policy_test_rs_2026_1501|policy_test_rs_2026_1202|policy_test_rs_2026_1702|policy_test_phv_2026_1002|policy_test_kfz_2026_1001,policy_test_rs_2026_1501|policy_test_rs_2026_1202|policy_test_rs_2026_1702|policy_test_phv_2026_1002|policy_test_kfz_2026_1001,4461.881,5244.989,5099.869,5099.817,5105.506,5192.082,True
BAAI/bge-reranker-base,policy_test_rs_2026_1501_de,de,False,Current-policy intent not activated; candidate set unchanged.,8,8,0.1384,1,1,policy_test_rs_2026_1501|policy_test_phv_2026_1002|policy_test_hh_2026_1402|policy_test_rs_2026_1202|policy_test_kfz_2026_1001,policy_test_rs_2026_1501|policy_test_phv_2026_1002|policy_test_hh_2026_1402|policy_test_rs_2026_1202|policy_test_kfz_2026_1001,5407.478,5355.251,5591.211,5212.338,5373.714,4928.464,True
BAAI/bge-reranker-base,policy_test_rs_2026_1501_mixed,mixed,False,Current-policy intent not activated; candidate set unchanged.,8,8,0.1735,1,1,policy_test_rs_2026_1501|policy_test_kfz_2026_1001|policy_test_hh_2026_1801|policy_test_rs_2026_1202|policy_test_phv_2026_1002,policy_test_rs_2026_1501|policy_test_kfz_2026_1001|policy_test_hh_2026_1801|policy_test_rs_2026_1202|policy_test_phv_2026_1002,4436.733,4339.330,4530.093,4452.075,4361.411,4507.513,True
BAAI/bge-reranker-base,policy_test_phv_2026_1601_en,en,False,Current-policy intent not activated; candidate set unchanged.,8,8,1.5775,1,1,policy_test_phv_2026_1601|policy_test_phv_2026_1902|policy_test_phv_2026_1002|policy_test_kfz_2026_1401|policy_test_kfz_2026_1101,policy_test_phv_2026_1601|policy_test_phv_2026_1902|policy_test_phv_2026_1002|policy_test_kfz_2026_1401|policy_test_kfz_2026_1101,4605.735,4360.297,4597.904,4882.227,4769.396,4623.077,True
BAAI/bge-reranker-base,policy_test_phv_2026_1601_de,de,False,Current-policy intent not activated; candidate set unchanged.,8,8,0.1335,1,1,policy_test_phv_2026_1601|policy_test_phv_2026_1902|policy_test_phv_2026_1002|policy_test_kfz_2026_1101|policy_test_kfz_2026_1401,policy_test_phv_2026_1601|policy_test_phv_2026_1902|policy_test_phv_2026_1002|policy_test_kfz_2026_1101|policy_test_kfz_2026_1401,5615.044,5754.899,5741.476,5377.182,5447.751,5320.517,True
BAAI/bge-reranker-base,policy_test_phv_2026_1601_mixed,mixed,False,Current-policy intent not activated; candidate set unchanged.,8,8,0.1284,1,1,policy_test_phv_2026_1601|policy_test_phv_2026_1002|policy_test_kfz_2026_1001|policy_test_phv_2026_1902|policy_test_kfz_2026_1003,policy_test_phv_2026_1601|policy_test_phv_2026_1002|policy_test_kfz_2026_1001|policy_test_phv_2026_1902|policy_test_kfz_2026_1003,5180.692,5034.179,5129.415,4636.772,4404.188,4493.567,True
BAAI/bge-reranker-base,policy_test_kfz_2026_1701_en,en,False,Current-policy intent not activated; candidate set unchanged.,8,8,0.1518,1,1,policy_test_kfz_2026_1701|policy_test_rs_2026_1702|policy_test_kfz_2026_1901|policy_test_kfz_2026_1401|policy_test_kfz_2026_1001,policy_test_kfz_2026_1701|policy_test_rs_2026_1702|policy_test_kfz_2026_1901|policy_test_kfz_2026_1401|policy_test_kfz_2026_1001,4469.878,4600.541,4382.114,4565.459,4403.788,4442.570,True
BAAI/bge-reranker-base,policy_test_kfz_2026_1701_de,de,False,Current-policy intent not activated; candidate set unchanged.,8,8,0.1346,1,1,policy_test_kfz_2026_1701|policy_test_rs_2026_1702|policy_test_kfz_2026_1901|policy_test_kfz_2026_1101|policy_test_kfz_2026_1401,policy_test_kfz_2026_1701|policy_test_rs_2026_1702|policy_test_kfz_2026_1901|policy_test_kfz_2026_1101|policy_test_kfz_2026_1401,4818.987,4707.121,4593.353,4759.584,5016.513,5798.903,True
BAAI/bge-reranker-base,policy_test_kfz_2026_1701_mixed,mixed,False,Current-policy intent not activated; candidate set unchanged.,8,8,0.1100,1,1,policy_test_kfz_2026_1701|policy_test_rs_2026_1702|policy_test_kfz_2026_1901|policy_test_kfz_2026_1401|policy_test_kfz_2026_1001,policy_test_kfz_2026_1701|policy_test_rs_2026_1702|policy_test_kfz_2026_1901|policy_test_kfz_2026_1401|policy_test_kfz_2026_1001,5297.517,5277.373,5252.194,5210.592,5407.286,4963.411,True
BAAI/bge-reranker-base,policy_test_rs_2026_1702_en,en,False,Current-policy intent not activated; candidate set unchanged.,8,8,0.1152,1,1,policy_test_rs_2026_1702|policy_test_kfz_2026_1701|policy_test_kfz_2026_1001|policy_test_hh_2026_1402|policy_test_hh_2026_1201,policy_test_rs_2026_1702|policy_test_kfz_2026_1701|policy_test_kfz_2026_1001|policy_test_hh_2026_1402|policy_test_hh_2026_1201,5433.428,4970.990,4688.274,4314.221,4550.133,4409.419,True
BAAI/bge-reranker-base,policy_test_rs_2026_1702_de,de,False,Current-policy intent not activated; candidate set unchanged.,8,8,0.1364,1,1,policy_test_rs_2026_1702|policy_test_kfz_2026_1701|policy_test_kfz_2026_1001|policy_test_hh_2026_1402|policy_test_rs_2026_1501,policy_test_rs_2026_1702|policy_test_kfz_2026_1701|policy_test_kfz_2026_1001|policy_test_hh_2026_1402|policy_test_rs_2026_1501,4518.704,4711.484,4658.993,4607.459,5055.918,4800.206,True
BAAI/bge-reranker-base,policy_test_rs_2026_1702_mixed,mixed,False,Current-policy intent not activated; candidate set unchanged.,8,8,0.1224,1,1,policy_test_rs_2026_1702|policy_test_kfz_2026_1701|policy_test_kfz_2026_1001|policy_test_hh_2026_1402|policy_test_rs_2026_1202,policy_test_rs_2026_1702|policy_test_kfz_2026_1701|policy_test_kfz_2026_1001|policy_test_hh_2026_1402|policy_test_rs_2026_1202,4508.246,4549.739,4848.788,4520.095,5256.283,5211.282,True
BAAI/bge-reranker-base,policy_test_hh_2026_1801_en,en,False,Current-policy intent not activated; candidate set unchanged.,8,8,0.1169,1,1,policy_test_hh_2026_1801|policy_test_hh_2026_1201|policy_test_rs_2026_1202|policy_test_hh_2026_1402|policy_test_rs_2026_1501,policy_test_hh_2026_1801|policy_test_hh_2026_1201|policy_test_rs_2026_1202|policy_test_hh_2026_1402|policy_test_rs_2026_1501,5188.452,4768.289,5289.813,5291.079,5182.015,5397.115,True
BAAI/bge-reranker-base,policy_test_hh_2026_1801_de,de,False,Current-policy intent not activated; candidate set unchanged.,8,8,0.1348,1,1,policy_test_hh_2026_1801|policy_test_hh_2026_1201|policy_test_rs_2026_1702|policy_test_hh_2026_1402|policy_test_rs_2026_1501,policy_test_hh_2026_1801|policy_test_hh_2026_1201|policy_test_rs_2026_1702|policy_test_hh_2026_1402|policy_test_rs_2026_1501,5104.729,4805.264,4545.223,4439.340,5270.421,5079.630,True
BAAI/bge-reranker-base,policy_test_hh_2026_1801_mixed,mixed,False,Current-policy intent not activated; candidate set unchanged.,8,8,0.2709,1,1,policy_test_hh_2026_1801|policy_test_hh_2026_1201|policy_test_rs_2026_1501|policy_test_phv_2026_1002|policy_test_kfz_2026_1001,policy_test_hh_2026_1801|policy_test_hh_2026_1201|policy_test_rs_2026_1501|policy_test_phv_2026_1002|policy_test_kfz_2026_1001,4704.548,4336.542,4422.657,4530.904,4563.128,4286.499,True
BAAI/bge-reranker-base,policy_test_kfz_2026_1901_en,en,False,Current-policy intent not activated; candidate set unchanged.,8,8,0.1247,1,1,policy_test_kfz_2026_1901|policy_test_phv_2026_1902|policy_test_kfz_2026_1003|policy_test_kfz_2026_1001|policy_test_kfz_2026_1401,policy_test_kfz_2026_1901|policy_test_phv_2026_1902|policy_test_kfz_2026_1003|policy_test_kfz_2026_1001|policy_test_kfz_2026_1401,4624.960,4503.043,4899.855,5156.545,5320.786,5542.825,True
BAAI/bge-reranker-base,policy_test_kfz_2026_1901_de,de,False,Current-policy intent not activated; candidate set unchanged.,8,8,0.1555,1,1,policy_test_kfz_2026_1901|policy_test_phv_2026_1902|policy_test_kfz_2026_1003|policy_test_kfz_2026_1701|policy_test_kfz_2026_1001,policy_test_kfz_2026_1901|policy_test_phv_2026_1902|policy_test_kfz_2026_1003|policy_test_kfz_2026_1701|policy_test_kfz_2026_1001,5445.884,5282.787,5181.774,5405.301,4922.873,4793.374,True
BAAI/bge-reranker-base,policy_test_kfz_2026_1901_mixed,mixed,False,Current-policy intent not activated; candidate set unchanged.,8,8,0.3911,1,1,policy_test_kfz_2026_1901|policy_test_phv_2026_1902|policy_test_kfz_2026_1003|policy_test_kfz_2026_1001|policy_test_kfz_2026_1101,policy_test_kfz_2026_1901|policy_test_phv_2026_1902|policy_test_kfz_2026_1003|policy_test_kfz_2026_1001|policy_test_kfz_2026_1101,4885.661,4733.703,4542.300,4535.188,4400.502,4836.767,True
BAAI/bge-reranker-base,policy_test_phv_2026_1902_en,en,False,Current-policy intent not activated; candidate set unchanged.,8,8,0.1169,1,1,policy_test_phv_2026_1902|policy_test_kfz_2026_1901|policy_test_phv_2026_1002|policy_test_phv_2026_1601|policy_test_kfz_2026_1003,policy_test_phv_2026_1902|policy_test_kfz_2026_1901|policy_test_phv_2026_1002|policy_test_phv_2026_1601|policy_test_kfz_2026_1003,4618.723,4482.439,4331.649,4704.403,4545.159,4456.376,True
BAAI/bge-reranker-base,policy_test_phv_2026_1902_de,de,False,Current-policy intent not activated; candidate set unchanged.,8,8,0.1944,1,1,policy_test_phv_2026_1902|policy_test_kfz_2026_1901|policy_test_kfz_2026_1003|policy_test_kfz_2026_1001|policy_test_phv_2026_1002,policy_test_phv_2026_1902|policy_test_kfz_2026_1901|policy_test_kfz_2026_1003|policy_test_kfz_2026_1001|policy_test_phv_2026_1002,4857.807,5315.480,5141.965,5244.848,5477.154,5221.799,True
BAAI/bge-reranker-base,policy_test_phv_2026_1902_mixed,mixed,False,Current-policy intent not activated; candidate set unchanged.,8,8,0.1237,1,1,policy_test_phv_2026_1902|policy_test_kfz_2026_1901|policy_test_phv_2026_1002|policy_test_kfz_2026_1003|policy_test_kfz_2026_1001,policy_test_phv_2026_1902|policy_test_kfz_2026_1901|policy_test_phv_2026_1002|policy_test_kfz_2026_1003|policy_test_kfz_2026_1001,5034.096,5098.896,5198.116,4706.819,4320.435,4318.553,True
BAAI/bge-reranker-base,claim_test_clm_2026_2001_en,en,False,Current-policy intent not activated; candidate set unchanged.,8,8,0.1165,1,1,claim_test_clm_2026_2001|claim_test_clm_2026_2501|claim_test_clm_2026_2602|claim_test_clm_2026_2601|claim_test_clm_2026_2101,claim_test_clm_2026_2001|claim_test_clm_2026_2501|claim_test_clm_2026_2602|claim_test_clm_2026_2601|claim_test_clm_2026_2101,5055.857,4237.366,3955.547,4136.984,4219.723,4044.524,True
BAAI/bge-reranker-base,claim_test_clm_2026_2001_de,de,False,Current-policy intent not activated; candidate set unchanged.,8,8,0.1110,1,1,claim_test_clm_2026_2001|claim_test_clm_2026_2501|claim_test_clm_2026_2602|claim_test_clm_2026_2401|claim_test_clm_2026_2101,claim_test_clm_2026_2001|claim_test_clm_2026_2501|claim_test_clm_2026_2602|claim_test_clm_2026_2401|claim_test_clm_2026_2101,4149.239,4366.840,4102.470,4197.338,4250.769,4219.240,True
BAAI/bge-reranker-base,claim_test_clm_2026_2101_en,en,False,Current-policy intent not activated; candidate set unchanged.,8,8,0.0918,1,1,claim_test_clm_2026_2101|claim_test_clm_2026_2501|claim_test_clm_2026_2601|claim_test_clm_2026_2301|claim_test_clm_2026_2201,claim_test_clm_2026_2101|claim_test_clm_2026_2501|claim_test_clm_2026_2601|claim_test_clm_2026_2301|claim_test_clm_2026_2201,5132.818,4881.095,4767.385,4758.425,4346.164,4843.222,True
BAAI/bge-reranker-base,claim_test_clm_2026_2101_de,de,False,Current-policy intent not activated; candidate set unchanged.,8,8,0.1980,1,1,claim_test_clm_2026_2101|claim_test_clm_2026_2401|claim_test_clm_2026_2601|claim_test_clm_2026_2501|claim_test_clm_2026_2301,claim_test_clm_2026_2101|claim_test_clm_2026_2401|claim_test_clm_2026_2601|claim_test_clm_2026_2501|claim_test_clm_2026_2301,4567.845,4737.249,5020.494,4245.888,4118.251,4500.182,True
BAAI/bge-reranker-base,claim_test_clm_2026_2201_en,en,False,Current-policy intent not activated; candidate set unchanged.,8,8,0.1045,1,1,claim_test_clm_2026_2201|claim_test_clm_2026_2501|claim_test_clm_2026_2601|claim_test_clm_2026_2602|claim_test_clm_2026_2301,claim_test_clm_2026_2201|claim_test_clm_2026_2501|claim_test_clm_2026_2601|claim_test_clm_2026_2602|claim_test_clm_2026_2301,3951.295,3971.876,4216.669,3998.158,4026.481,4228.818,True
BAAI/bge-reranker-base,claim_test_clm_2026_2201_de,de,False,Current-policy intent not activated; candidate set unchanged.,8,8,0.1548,1,1,claim_test_clm_2026_2201|claim_test_clm_2026_2501|claim_test_clm_2026_2401|claim_test_clm_2026_2301|claim_test_clm_2026_2601,claim_test_clm_2026_2201|claim_test_clm_2026_2501|claim_test_clm_2026_2401|claim_test_clm_2026_2301|claim_test_clm_2026_2601,4069.232,4190.166,4290.817,4251.252,4015.373,4330.768,True
BAAI/bge-reranker-base,claim_test_clm_2026_2301_en,en,False,Current-policy intent not activated; candidate set unchanged.,8,8,0.4216,1,1,claim_test_clm_2026_2301|claim_test_clm_2026_2501|claim_test_clm_2026_2602|claim_test_clm_2026_2601|claim_test_clm_2026_2401,claim_test_clm_2026_2301|claim_test_clm_2026_2501|claim_test_clm_2026_2602|claim_test_clm_2026_2601|claim_test_clm_2026_2401,4560.894,4559.512,5126.865,5347.111,4877.968,4617.962,True
BAAI/bge-reranker-base,claim_test_clm_2026_2301_de,de,False,Current-policy intent not activated; candidate set unchanged.,8,8,0.1175,1,1,claim_test_clm_2026_2301|claim_test_clm_2026_2501|claim_test_clm_2026_2401|claim_test_clm_2026_2601|claim_test_clm_2026_2602,claim_test_clm_2026_2301|claim_test_clm_2026_2501|claim_test_clm_2026_2401|claim_test_clm_2026_2601|claim_test_clm_2026_2602,4467.858,4828.143,5236.422,4348.174,4219.238,4241.610,True
BAAI/bge-reranker-base,claim_test_clm_2026_2401_en,en,False,Current-policy intent not activated; candidate set unchanged.,8,8,0.1021,1,1,claim_test_clm_2026_2401|claim_test_clm_2026_2101|claim_test_clm_2026_2501|claim_test_clm_2026_2201|claim_test_clm_2026_2601,claim_test_clm_2026_2401|claim_test_clm_2026_2101|claim_test_clm_2026_2501|claim_test_clm_2026_2201|claim_test_clm_2026_2601,4083.315,4083.699,4227.244,3996.471,4181.155,4527.918,True
BAAI/bge-reranker-base,claim_test_clm_2026_2401_de,de,False,Current-policy intent not activated; candidate set unchanged.,8,8,0.2041,1,1,claim_test_clm_2026_2401|claim_test_clm_2026_2201|claim_test_clm_2026_2501|claim_test_clm_2026_2101|claim_test_clm_2026_2601,claim_test_clm_2026_2401|claim_test_clm_2026_2201|claim_test_clm_2026_2501|claim_test_clm_2026_2101|claim_test_clm_2026_2601,4104.157,4334.784,4325.355,4191.482,4222.614,4539.550,True
BAAI/bge-reranker-base,claim_test_clm_2026_2501_en,en,False,Current-policy intent not activated; candidate set unchanged.,8,8,0.2337,1,1,claim_test_clm_2026_2501|claim_test_clm_2026_2602|claim_test_clm_2026_2401|claim_test_clm_2026_2001|claim_test_clm_2026_2101,claim_test_clm_2026_2501|claim_test_clm_2026_2602|claim_test_clm_2026_2401|claim_test_clm_2026_2001|claim_test_clm_2026_2101,4612.618,5234.368,4884.448,4340.923,4699.706,4366.428,True
BAAI/bge-reranker-base,claim_test_clm_2026_2501_de,de,False,Current-policy intent not activated; candidate set unchanged.,8,8,0.1782,1,1,claim_test_clm_2026_2501|claim_test_clm_2026_2602|claim_test_clm_2026_2401|claim_test_clm_2026_2101|claim_test_clm_2026_2201,claim_test_clm_2026_2501|claim_test_clm_2026_2602|claim_test_clm_2026_2401|claim_test_clm_2026_2101|claim_test_clm_2026_2201,4672.826,4885.940,5005.268,4766.134,4157.843,4466.785,True
BAAI/bge-reranker-base,claim_test_clm_2026_2601_en,en,False,Current-policy intent not activated; candidate set unchanged.,8,8,0.1044,1,1,claim_test_clm_2026_2601|claim_test_clm_2026_2602|claim_test_clm_2026_2101|claim_test_clm_2026_2401|claim_test_clm_2026_2501,claim_test_clm_2026_2601|claim_test_clm_2026_2602|claim_test_clm_2026_2101|claim_test_clm_2026_2401|claim_test_clm_2026_2501,4091.189,4018.393,4096.579,4119.809,4056.494,4322.400,True
BAAI/bge-reranker-base,claim_test_clm_2026_2601_de,de,False,Current-policy intent not activated; candidate set unchanged.,8,8,0.2461,1,1,claim_test_clm_2026_2601|claim_test_clm_2026_2602|claim_test_clm_2026_2401|claim_test_clm_2026_2501|claim_test_clm_2026_2301,claim_test_clm_2026_2601|claim_test_clm_2026_2602|claim_test_clm_2026_2401|claim_test_clm_2026_2501|claim_test_clm_2026_2301,4114.456,4078.792,4249.532,4338.141,4097.668,4243.636,True
BAAI/bge-reranker-base,claim_test_clm_2026_2602_en,en,False,Current-policy intent not activated; candidate set unchanged.,8,8,0.0975,1,1,claim_test_clm_2026_2602|claim_test_clm_2026_2601|claim_test_clm_2026_2501|claim_test_clm_2026_2001|claim_test_clm_2026_2401,claim_test_clm_2026_2602|claim_test_clm_2026_2601|claim_test_clm_2026_2501|claim_test_clm_2026_2001|claim_test_clm_2026_2401,4084.342,4820.127,4690.301,5026.737,5040.235,4958.184,True
BAAI/bge-reranker-base,claim_test_clm_2026_2602_de,de,False,Current-policy intent not activated; candidate set unchanged.,8,8,0.1468,1,1,claim_test_clm_2026_2602|claim_test_clm_2026_2601|claim_test_clm_2026_2501|claim_test_clm_2026_2001|claim_test_clm_2026_2401,claim_test_clm_2026_2602|claim_test_clm_2026_2601|claim_test_clm_2026_2501|claim_test_clm_2026_2001|claim_test_clm_2026_2401,4795.877,4821.417,4483.051,5319.031,4455.080,4081.729,True
